cell,batch,duration_ns
full/census/T_PG_plan,0,184924148
full/census/T_PG_plan,1,189515559
full/census/T_PG_plan,2,184767863
full/census/T_PG_plan,3,185198115
full/census/T_PG_plan,4,174439119
full/census/T_PG_plan,5,180777979
full/census/T_PG_plan,6,181684213
full/census/T_PG_plan,7,181783208
full/census/T_PG_plan,8,178891589
full/census/T_PG_plan,9,179345622
full/census/T_PG_plan,10,180434691
full/census/T_PG_plan,11,183350162
full/census/T_PG_plan,12,189767467
full/census/T_PG_plan,13,179296098
full/census/T_PG_plan,14,182973453
full/census/T_PG_plan,15,182320288
full/census/T_PG_plan,16,177512791
full/census/T_PG_plan,17,175177339
full/census/T_PG_plan,18,193492667
full/census/T_PG_plan,19,182075009
full/census/T_PG_plan,20,178722710
full/census/T_PG_plan,21,175393734
full/census/T_PG_plan,22,181415830
full/census/T_PG_plan,23,187479074
full/census/T_PG_plan,24,187626910
full/census/T_PG_plan,25,172652238
full/census/T_PG_plan,26,171841341
full/census/T_PG_plan,27,184620938
full/census/T_PG_plan,28,184086667
full/census/T_PG_plan,29,178274148
full/census/T_PG_CE,0,20653713
full/census/T_PG_CE,1,21313584
full/census/T_PG_CE,2,20845843
full/census/T_PG_CE,3,20724011
full/census/T_PG_CE,4,20300808
full/census/T_PG_CE,5,20453299
full/census/T_PG_CE,6,20723198
full/census/T_PG_CE,7,20496364
full/census/T_PG_CE,8,20365019
full/census/T_PG_CE,9,20358370
full/census/T_PG_CE,10,20324764
full/census/T_PG_CE,11,20668470
full/census/T_PG_CE,12,21091652
full/census/T_PG_CE,13,20478523
full/census/T_PG_CE,14,20518113
full/census/T_PG_CE,15,20387322
full/census/T_PG_CE,16,20188142
full/census/T_PG_CE,17,20313687
full/census/T_PG_CE,18,20820459
full/census/T_PG_CE,19,20483826
full/census/T_PG_CE,20,20301066
full/census/T_PG_CE,21,19959506
full/census/T_PG_CE,22,20327980
full/census/T_PG_CE,23,20600271
full/census/T_PG_CE,24,20818933
full/census/T_PG_CE,25,20128025
full/census/T_PG_CE,26,20107477
full/census/T_PG_CE,27,20692446
full/census/T_PG_CE,28,20670035
full/census/T_PG_CE,29,20129347
full/census/T_Replay_full,0,126368344
full/census/T_Replay_full,1,132244379
full/census/T_Replay_full,2,121567899
full/census/T_Replay_full,3,122589283
full/census/T_Replay_full,4,119735370
full/census/T_Replay_full,5,120302660
full/census/T_Replay_full,6,120467048
full/census/T_Replay_full,7,122399617
full/census/T_Replay_full,8,121005797
full/census/T_Replay_full,9,118921892
full/census/T_Replay_full,10,143132761
full/census/T_Replay_full,11,116166393
full/census/T_Replay_full,12,117051914
full/census/T_Replay_full,13,116135546
full/census/T_Replay_full,14,116439297
full/census/T_Replay_full,15,120672328
full/census/T_Replay_full,16,122982319
full/census/T_Replay_full,17,121415399
full/census/T_Replay_full,18,123844904
full/census/T_Replay_full,19,118585403
full/census/T_Replay_full,20,116019522
full/census/T_Replay_full,21,115949368
full/census/T_Replay_full,22,117846599
full/census/T_Replay_full,23,123263857
full/census/T_Replay_full,24,121851859
full/census/T_Replay_full,25,120642305
full/census/T_Replay_full,26,118238624
full/census/T_Replay_full,27,122085716
full/census/T_Replay_full,28,117821684
full/census/T_Replay_full,29,117472291
full/dmv/T_PG_plan,0,300703110
full/dmv/T_PG_plan,1,305011968
full/dmv/T_PG_plan,2,299158219
full/dmv/T_PG_plan,3,304062729
full/dmv/T_PG_plan,4,291464451
full/dmv/T_PG_plan,5,298614843
full/dmv/T_PG_plan,6,284133738
full/dmv/T_PG_plan,7,290609479
full/dmv/T_PG_plan,8,295138380
full/dmv/T_PG_plan,9,292065650
full/dmv/T_PG_plan,10,300538034
full/dmv/T_PG_plan,11,289661775
full/dmv/T_PG_plan,12,280422141
full/dmv/T_PG_plan,13,280502036
full/dmv/T_PG_plan,14,286462623
full/dmv/T_PG_plan,15,287247691
full/dmv/T_PG_plan,16,282464891
full/dmv/T_PG_plan,17,293945223
full/dmv/T_PG_plan,18,284747203
full/dmv/T_PG_plan,19,287304788
full/dmv/T_PG_plan,20,296213800
full/dmv/T_PG_plan,21,286602002
full/dmv/T_PG_plan,22,290557516
full/dmv/T_PG_plan,23,369949673
full/dmv/T_PG_plan,24,393936600
full/dmv/T_PG_plan,25,348519568
full/dmv/T_PG_plan,26,323793741
full/dmv/T_PG_plan,27,339437261
full/dmv/T_PG_plan,28,304994809
full/dmv/T_PG_plan,29,304322198
full/dmv/T_PG_CE,0,47672989
full/dmv/T_PG_CE,1,48129889
full/dmv/T_PG_CE,2,47868275
full/dmv/T_PG_CE,3,48529608
full/dmv/T_PG_CE,4,47857450
full/dmv/T_PG_CE,5,47871793
full/dmv/T_PG_CE,6,47368973
full/dmv/T_PG_CE,7,47486593
full/dmv/T_PG_CE,8,47985549
full/dmv/T_PG_CE,9,47532305
full/dmv/T_PG_CE,10,47694297
full/dmv/T_PG_CE,11,46568390
full/dmv/T_PG_CE,12,46039181
full/dmv/T_PG_CE,13,46211100
full/dmv/T_PG_CE,14,46245935
full/dmv/T_PG_CE,15,46407394
full/dmv/T_PG_CE,16,46248469
full/dmv/T_PG_CE,17,47128355
full/dmv/T_PG_CE,18,46962606
full/dmv/T_PG_CE,19,46558790
full/dmv/T_PG_CE,20,47144959
full/dmv/T_PG_CE,21,46845248
full/dmv/T_PG_CE,22,46543282
full/dmv/T_PG_CE,23,53168404
full/dmv/T_PG_CE,24,55663212
full/dmv/T_PG_CE,25,51303600
full/dmv/T_PG_CE,26,49396228
full/dmv/T_PG_CE,27,50459056
full/dmv/T_PG_CE,28,48518711
full/dmv/T_PG_CE,29,48255605
full/dmv/T_Replay_full,0,165439255
full/dmv/T_Replay_full,1,166357776
full/dmv/T_Replay_full,2,168774583
full/dmv/T_Replay_full,3,170246673
full/dmv/T_Replay_full,4,174327379
full/dmv/T_Replay_full,5,177821719
full/dmv/T_Replay_full,6,177013480
full/dmv/T_Replay_full,7,172140617
full/dmv/T_Replay_full,8,166771593
full/dmv/T_Replay_full,9,166483568
full/dmv/T_Replay_full,10,167458813
full/dmv/T_Replay_full,11,167551096
full/dmv/T_Replay_full,12,168939852
full/dmv/T_Replay_full,13,170016436
full/dmv/T_Replay_full,14,176676142
full/dmv/T_Replay_full,15,178927209
full/dmv/T_Replay_full,16,169690489
full/dmv/T_Replay_full,17,174153514
full/dmv/T_Replay_full,18,177257119
full/dmv/T_Replay_full,19,169370805
full/dmv/T_Replay_full,20,171520701
full/dmv/T_Replay_full,21,171146708
full/dmv/T_Replay_full,22,170742073
full/dmv/T_Replay_full,23,168447268
full/dmv/T_Replay_full,24,169333021
full/dmv/T_Replay_full,25,171164989
full/dmv/T_Replay_full,26,173769918
full/dmv/T_Replay_full,27,173596488
full/dmv/T_Replay_full,28,175021655
full/dmv/T_Replay_full,29,173202621
moves/census/ADD/groups/lower/full,0,155506002
moves/census/ADD/groups/lower/full,1,169811553
moves/census/ADD/groups/lower/full,2,157151165
moves/census/ADD/groups/lower/full,3,157768308
moves/census/ADD/groups/lower/full,4,155293773
moves/census/ADD/groups/lower/full,5,163124916
moves/census/ADD/groups/lower/full,6,157721880
moves/census/ADD/groups/lower/full,7,167615998
moves/census/ADD/groups/lower/full,8,164795722
moves/census/ADD/groups/lower/full,9,189532124
moves/census/ADD/groups/lower/full,10,159200603
moves/census/ADD/groups/lower/full,11,154430393
moves/census/ADD/groups/lower/full,12,156940239
moves/census/ADD/groups/lower/full,13,155068824
moves/census/ADD/groups/lower/full,14,155562194
moves/census/ADD/groups/lower/full,15,153612681
moves/census/ADD/groups/lower/full,16,155987436
moves/census/ADD/groups/lower/full,17,167773895
moves/census/ADD/groups/lower/full,18,157373435
moves/census/ADD/groups/lower/full,19,164905584
moves/census/ADD/groups/lower/full,20,160489135
moves/census/ADD/groups/lower/full,21,157419668
moves/census/ADD/groups/lower/full,22,155340473
moves/census/ADD/groups/lower/full,23,155134244
moves/census/ADD/groups/lower/full,24,154971589
moves/census/ADD/groups/lower/full,25,155508296
moves/census/ADD/groups/lower/full,26,163617230
moves/census/ADD/groups/lower/full,27,165569438
moves/census/ADD/groups/lower/full,28,161642211
moves/census/ADD/groups/lower/full,29,163516974
moves/census/ADD/groups/lower/incremental,0,117768278
moves/census/ADD/groups/lower/incremental,1,112036249
moves/census/ADD/groups/lower/incremental,2,104952591
moves/census/ADD/groups/lower/incremental,3,104295650
moves/census/ADD/groups/lower/incremental,4,105076036
moves/census/ADD/groups/lower/incremental,5,106078502
moves/census/ADD/groups/lower/incremental,6,105269348
moves/census/ADD/groups/lower/incremental,7,110930178
moves/census/ADD/groups/lower/incremental,8,104891802
moves/census/ADD/groups/lower/incremental,9,106616004
moves/census/ADD/groups/lower/incremental,10,105815334
moves/census/ADD/groups/lower/incremental,11,106381142
moves/census/ADD/groups/lower/incremental,12,110293726
moves/census/ADD/groups/lower/incremental,13,105548156
moves/census/ADD/groups/lower/incremental,14,108289821
moves/census/ADD/groups/lower/incremental,15,108738661
moves/census/ADD/groups/lower/incremental,16,104519309
moves/census/ADD/groups/lower/incremental,17,104608071
moves/census/ADD/groups/lower/incremental,18,105484721
moves/census/ADD/groups/lower/incremental,19,104975315
moves/census/ADD/groups/lower/incremental,20,107596777
moves/census/ADD/groups/lower/incremental,21,104873209
moves/census/ADD/groups/lower/incremental,22,104012495
moves/census/ADD/groups/lower/incremental,23,105752456
moves/census/ADD/groups/lower/incremental,24,104720845
moves/census/ADD/groups/lower/incremental,25,104421719
moves/census/ADD/groups/lower/incremental,26,108849824
moves/census/ADD/groups/lower/incremental,27,105140053
moves/census/ADD/groups/lower/incremental,28,106963018
moves/census/ADD/groups/lower/incremental,29,108553264
moves/census/ADD/groups/middle/full,0,158266860
moves/census/ADD/groups/middle/full,1,159007849
moves/census/ADD/groups/middle/full,2,156522138
moves/census/ADD/groups/middle/full,3,165080138
moves/census/ADD/groups/middle/full,4,174554796
moves/census/ADD/groups/middle/full,5,156385032
moves/census/ADD/groups/middle/full,6,159002385
moves/census/ADD/groups/middle/full,7,157257760
moves/census/ADD/groups/middle/full,8,155547756
moves/census/ADD/groups/middle/full,9,159595037
moves/census/ADD/groups/middle/full,10,158273017
moves/census/ADD/groups/middle/full,11,159867259
moves/census/ADD/groups/middle/full,12,159784701
moves/census/ADD/groups/middle/full,13,160138740
moves/census/ADD/groups/middle/full,14,160349341
moves/census/ADD/groups/middle/full,15,160017181
moves/census/ADD/groups/middle/full,16,162375584
moves/census/ADD/groups/middle/full,17,160257796
moves/census/ADD/groups/middle/full,18,163279848
moves/census/ADD/groups/middle/full,19,163634269
moves/census/ADD/groups/middle/full,20,162984492
moves/census/ADD/groups/middle/full,21,159548507
moves/census/ADD/groups/middle/full,22,162206797
moves/census/ADD/groups/middle/full,23,163425343
moves/census/ADD/groups/middle/full,24,161564444
moves/census/ADD/groups/middle/full,25,161161659
moves/census/ADD/groups/middle/full,26,159616917
moves/census/ADD/groups/middle/full,27,157899738
moves/census/ADD/groups/middle/full,28,159383962
moves/census/ADD/groups/middle/full,29,167090490
moves/census/ADD/groups/middle/incremental,0,196771079
moves/census/ADD/groups/middle/incremental,1,195083443
moves/census/ADD/groups/middle/incremental,2,198474466
moves/census/ADD/groups/middle/incremental,3,195180240
moves/census/ADD/groups/middle/incremental,4,196551702
moves/census/ADD/groups/middle/incremental,5,200272350
moves/census/ADD/groups/middle/incremental,6,205259785
moves/census/ADD/groups/middle/incremental,7,193983463
moves/census/ADD/groups/middle/incremental,8,193434353
moves/census/ADD/groups/middle/incremental,9,193738482
moves/census/ADD/groups/middle/incremental,10,196982132
moves/census/ADD/groups/middle/incremental,11,195193127
moves/census/ADD/groups/middle/incremental,12,203346293
moves/census/ADD/groups/middle/incremental,13,194026328
moves/census/ADD/groups/middle/incremental,14,194002105
moves/census/ADD/groups/middle/incremental,15,194766322
moves/census/ADD/groups/middle/incremental,16,194075232
moves/census/ADD/groups/middle/incremental,17,195572987
moves/census/ADD/groups/middle/incremental,18,195400085
moves/census/ADD/groups/middle/incremental,19,192717121
moves/census/ADD/groups/middle/incremental,20,197244734
moves/census/ADD/groups/middle/incremental,21,194273897
moves/census/ADD/groups/middle/incremental,22,191824167
moves/census/ADD/groups/middle/incremental,23,205976967
moves/census/ADD/groups/middle/incremental,24,196067642
moves/census/ADD/groups/middle/incremental,25,197354138
moves/census/ADD/groups/middle/incremental,26,194986885
moves/census/ADD/groups/middle/incremental,27,193044404
moves/census/ADD/groups/middle/incremental,28,193519404
moves/census/ADD/groups/middle/incremental,29,197371162
moves/census/ADD/groups/upper/full,0,164299701
moves/census/ADD/groups/upper/full,1,167801510
moves/census/ADD/groups/upper/full,2,154592185
moves/census/ADD/groups/upper/full,3,155474416
moves/census/ADD/groups/upper/full,4,156698009
moves/census/ADD/groups/upper/full,5,156566717
moves/census/ADD/groups/upper/full,6,156013049
moves/census/ADD/groups/upper/full,7,155870676
moves/census/ADD/groups/upper/full,8,156999873
moves/census/ADD/groups/upper/full,9,155856709
moves/census/ADD/groups/upper/full,10,159868551
moves/census/ADD/groups/upper/full,11,157569341
moves/census/ADD/groups/upper/full,12,158505338
moves/census/ADD/groups/upper/full,13,156908863
moves/census/ADD/groups/upper/full,14,157362879
moves/census/ADD/groups/upper/full,15,157792135
moves/census/ADD/groups/upper/full,16,157715023
moves/census/ADD/groups/upper/full,17,157260027
moves/census/ADD/groups/upper/full,18,155453094
moves/census/ADD/groups/upper/full,19,159527880
moves/census/ADD/groups/upper/full,20,160968236
moves/census/ADD/groups/upper/full,21,164458831
moves/census/ADD/groups/upper/full,22,155798803
moves/census/ADD/groups/upper/full,23,157215942
moves/census/ADD/groups/upper/full,24,158562228
moves/census/ADD/groups/upper/full,25,166968611
moves/census/ADD/groups/upper/full,26,161236738
moves/census/ADD/groups/upper/full,27,155435049
moves/census/ADD/groups/upper/full,28,159290921
moves/census/ADD/groups/upper/full,29,167768405
moves/census/ADD/groups/upper/incremental,0,157452938
moves/census/ADD/groups/upper/incremental,1,165878156
moves/census/ADD/groups/upper/incremental,2,164461122
moves/census/ADD/groups/upper/incremental,3,165080165
moves/census/ADD/groups/upper/incremental,4,166322285
moves/census/ADD/groups/upper/incremental,5,162448506
moves/census/ADD/groups/upper/incremental,6,166623885
moves/census/ADD/groups/upper/incremental,7,167679856
moves/census/ADD/groups/upper/incremental,8,165267772
moves/census/ADD/groups/upper/incremental,9,159527360
moves/census/ADD/groups/upper/incremental,10,163442863
moves/census/ADD/groups/upper/incremental,11,164563858
moves/census/ADD/groups/upper/incremental,12,165644060
moves/census/ADD/groups/upper/incremental,13,160286754
moves/census/ADD/groups/upper/incremental,14,162116247
moves/census/ADD/groups/upper/incremental,15,165473126
moves/census/ADD/groups/upper/incremental,16,160732822
moves/census/ADD/groups/upper/incremental,17,161850331
moves/census/ADD/groups/upper/incremental,18,160544026
moves/census/ADD/groups/upper/incremental,19,166825173
moves/census/ADD/groups/upper/incremental,20,159363538
moves/census/ADD/groups/upper/incremental,21,159883448
moves/census/ADD/groups/upper/incremental,22,163487207
moves/census/ADD/groups/upper/incremental,23,169305973
moves/census/ADD/groups/upper/incremental,24,185302769
moves/census/ADD/groups/upper/incremental,25,165865606
moves/census/ADD/groups/upper/incremental,26,167239987
moves/census/ADD/groups/upper/incremental,27,167331507
moves/census/ADD/groups/upper/incremental,28,164464477
moves/census/ADD/groups/upper/incremental,29,166324828
moves/census/ADD/groups/pooled/full,0,157542407
moves/census/ADD/groups/pooled/full,1,157649919
moves/census/ADD/groups/pooled/full,2,164076877
moves/census/ADD/groups/pooled/full,3,160835688
moves/census/ADD/groups/pooled/full,4,161898556
moves/census/ADD/groups/pooled/full,5,162600767
moves/census/ADD/groups/pooled/full,6,159189128
moves/census/ADD/groups/pooled/full,7,156052818
moves/census/ADD/groups/pooled/full,8,163832469
moves/census/ADD/groups/pooled/full,9,160950705
moves/census/ADD/groups/pooled/full,10,164307682
moves/census/ADD/groups/pooled/full,11,165300102
moves/census/ADD/groups/pooled/full,12,158529848
moves/census/ADD/groups/pooled/full,13,160164152
moves/census/ADD/groups/pooled/full,14,157201315
moves/census/ADD/groups/pooled/full,15,158070795
moves/census/ADD/groups/pooled/full,16,164734728
moves/census/ADD/groups/pooled/full,17,152205201
moves/census/ADD/groups/pooled/full,18,157810838
moves/census/ADD/groups/pooled/full,19,156532932
moves/census/ADD/groups/pooled/full,20,161109569
moves/census/ADD/groups/pooled/full,21,157128740
moves/census/ADD/groups/pooled/full,22,156440704
moves/census/ADD/groups/pooled/full,23,156277969
moves/census/ADD/groups/pooled/full,24,161942894
moves/census/ADD/groups/pooled/full,25,154430739
moves/census/ADD/groups/pooled/full,26,156824348
moves/census/ADD/groups/pooled/full,27,156861371
moves/census/ADD/groups/pooled/full,28,157183599
moves/census/ADD/groups/pooled/full,29,159908198
moves/census/ADD/groups/pooled/incremental,0,170191918
moves/census/ADD/groups/pooled/incremental,1,166227309
moves/census/ADD/groups/pooled/incremental,2,160319259
moves/census/ADD/groups/pooled/incremental,3,162134813
moves/census/ADD/groups/pooled/incremental,4,165452401
moves/census/ADD/groups/pooled/incremental,5,168052984
moves/census/ADD/groups/pooled/incremental,6,164815788
moves/census/ADD/groups/pooled/incremental,7,166207203
moves/census/ADD/groups/pooled/incremental,8,168036508
moves/census/ADD/groups/pooled/incremental,9,168756412
moves/census/ADD/groups/pooled/incremental,10,169356700
moves/census/ADD/groups/pooled/incremental,11,163619392
moves/census/ADD/groups/pooled/incremental,12,161904894
moves/census/ADD/groups/pooled/incremental,13,159875152
moves/census/ADD/groups/pooled/incremental,14,162694481
moves/census/ADD/groups/pooled/incremental,15,158541000
moves/census/ADD/groups/pooled/incremental,16,158450846
moves/census/ADD/groups/pooled/incremental,17,163383269
moves/census/ADD/groups/pooled/incremental,18,162362849
moves/census/ADD/groups/pooled/incremental,19,165188928
moves/census/ADD/groups/pooled/incremental,20,170240960
moves/census/ADD/groups/pooled/incremental,21,166718696
moves/census/ADD/groups/pooled/incremental,22,169750649
moves/census/ADD/groups/pooled/incremental,23,162377700
moves/census/ADD/groups/pooled/incremental,24,164702713
moves/census/ADD/groups/pooled/incremental,25,166858437
moves/census/ADD/groups/pooled/incremental,26,168681539
moves/census/ADD/groups/pooled/incremental,27,169186440
moves/census/ADD/groups/pooled/incremental,28,162674674
moves/census/ADD/groups/pooled/incremental,29,165704002
moves/census/DROP/groups/lower/full,0,163661179
moves/census/DROP/groups/lower/full,1,158614266
moves/census/DROP/groups/lower/full,2,162819672
moves/census/DROP/groups/lower/full,3,163682357
moves/census/DROP/groups/lower/full,4,164066688
moves/census/DROP/groups/lower/full,5,164011046
moves/census/DROP/groups/lower/full,6,159914860
moves/census/DROP/groups/lower/full,7,165898117
moves/census/DROP/groups/lower/full,8,163749432
moves/census/DROP/groups/lower/full,9,163381086
moves/census/DROP/groups/lower/full,10,165529521
moves/census/DROP/groups/lower/full,11,165215684
moves/census/DROP/groups/lower/full,12,154139997
moves/census/DROP/groups/lower/full,13,164444732
moves/census/DROP/groups/lower/full,14,161599162
moves/census/DROP/groups/lower/full,15,165361426
moves/census/DROP/groups/lower/full,16,160872827
moves/census/DROP/groups/lower/full,17,167431054
moves/census/DROP/groups/lower/full,18,163552972
moves/census/DROP/groups/lower/full,19,155501159
moves/census/DROP/groups/lower/full,20,161384637
moves/census/DROP/groups/lower/full,21,160282012
moves/census/DROP/groups/lower/full,22,160606789
moves/census/DROP/groups/lower/full,23,160569101
moves/census/DROP/groups/lower/full,24,164987394
moves/census/DROP/groups/lower/full,25,157074890
moves/census/DROP/groups/lower/full,26,161238422
moves/census/DROP/groups/lower/full,27,152617686
moves/census/DROP/groups/lower/full,28,161650709
moves/census/DROP/groups/lower/full,29,161347048
moves/census/DROP/groups/lower/incremental,0,154150184
moves/census/DROP/groups/lower/incremental,1,154541515
moves/census/DROP/groups/lower/incremental,2,156633634
moves/census/DROP/groups/lower/incremental,3,151621045
moves/census/DROP/groups/lower/incremental,4,153311917
moves/census/DROP/groups/lower/incremental,5,154131528
moves/census/DROP/groups/lower/incremental,6,152840671
moves/census/DROP/groups/lower/incremental,7,150649222
moves/census/DROP/groups/lower/incremental,8,153696328
moves/census/DROP/groups/lower/incremental,9,154449760
moves/census/DROP/groups/lower/incremental,10,145400802
moves/census/DROP/groups/lower/incremental,11,152210884
moves/census/DROP/groups/lower/incremental,12,154572652
moves/census/DROP/groups/lower/incremental,13,152258643
moves/census/DROP/groups/lower/incremental,14,149508214
moves/census/DROP/groups/lower/incremental,15,158611954
moves/census/DROP/groups/lower/incremental,16,154172796
moves/census/DROP/groups/lower/incremental,17,153806635
moves/census/DROP/groups/lower/incremental,18,151819554
moves/census/DROP/groups/lower/incremental,19,148203058
moves/census/DROP/groups/lower/incremental,20,153718158
moves/census/DROP/groups/lower/incremental,21,144023217
moves/census/DROP/groups/lower/incremental,22,149001600
moves/census/DROP/groups/lower/incremental,23,150823120
moves/census/DROP/groups/lower/incremental,24,145206238
moves/census/DROP/groups/lower/incremental,25,150347539
moves/census/DROP/groups/lower/incremental,26,144824231
moves/census/DROP/groups/lower/incremental,27,142908083
moves/census/DROP/groups/lower/incremental,28,142865470
moves/census/DROP/groups/lower/incremental,29,145585809
moves/census/DROP/groups/middle/full,0,150397860
moves/census/DROP/groups/middle/full,1,151774875
moves/census/DROP/groups/middle/full,2,149936996
moves/census/DROP/groups/middle/full,3,151783428
moves/census/DROP/groups/middle/full,4,150741634
moves/census/DROP/groups/middle/full,5,151822015
moves/census/DROP/groups/middle/full,6,153400449
moves/census/DROP/groups/middle/full,7,153024184
moves/census/DROP/groups/middle/full,8,152049858
moves/census/DROP/groups/middle/full,9,152364562
moves/census/DROP/groups/middle/full,10,156473639
moves/census/DROP/groups/middle/full,11,164906958
moves/census/DROP/groups/middle/full,12,162870389
moves/census/DROP/groups/middle/full,13,153414756
moves/census/DROP/groups/middle/full,14,160223878
moves/census/DROP/groups/middle/full,15,163762394
moves/census/DROP/groups/middle/full,16,163952074
moves/census/DROP/groups/middle/full,17,163424555
moves/census/DROP/groups/middle/full,18,163973314
moves/census/DROP/groups/middle/full,19,155819383
moves/census/DROP/groups/middle/full,20,155945563
moves/census/DROP/groups/middle/full,21,158469884
moves/census/DROP/groups/middle/full,22,154343055
moves/census/DROP/groups/middle/full,23,153505341
moves/census/DROP/groups/middle/full,24,159600198
moves/census/DROP/groups/middle/full,25,159484444
moves/census/DROP/groups/middle/full,26,156007819
moves/census/DROP/groups/middle/full,27,161312346
moves/census/DROP/groups/middle/full,28,164216936
moves/census/DROP/groups/middle/full,29,157646468
moves/census/DROP/groups/middle/incremental,0,186991618
moves/census/DROP/groups/middle/incremental,1,190353714
moves/census/DROP/groups/middle/incremental,2,190724551
moves/census/DROP/groups/middle/incremental,3,201826800
moves/census/DROP/groups/middle/incremental,4,194008777
moves/census/DROP/groups/middle/incremental,5,194539043
moves/census/DROP/groups/middle/incremental,6,187937870
moves/census/DROP/groups/middle/incremental,7,195078476
moves/census/DROP/groups/middle/incremental,8,183468064
moves/census/DROP/groups/middle/incremental,9,187217449
moves/census/DROP/groups/middle/incremental,10,183955817
moves/census/DROP/groups/middle/incremental,11,181901391
moves/census/DROP/groups/middle/incremental,12,184718427
moves/census/DROP/groups/middle/incremental,13,182209188
moves/census/DROP/groups/middle/incremental,14,181144615
moves/census/DROP/groups/middle/incremental,15,189681792
moves/census/DROP/groups/middle/incremental,16,186859929
moves/census/DROP/groups/middle/incremental,17,184059879
moves/census/DROP/groups/middle/incremental,18,180436831
moves/census/DROP/groups/middle/incremental,19,180219336
moves/census/DROP/groups/middle/incremental,20,178308099
moves/census/DROP/groups/middle/incremental,21,180890173
moves/census/DROP/groups/middle/incremental,22,179741004
moves/census/DROP/groups/middle/incremental,23,179448304
moves/census/DROP/groups/middle/incremental,24,182728550
moves/census/DROP/groups/middle/incremental,25,181534626
moves/census/DROP/groups/middle/incremental,26,180443314
moves/census/DROP/groups/middle/incremental,27,182629636
moves/census/DROP/groups/middle/incremental,28,182781000
moves/census/DROP/groups/middle/incremental,29,181951686
moves/census/DROP/groups/upper/full,0,147680883
moves/census/DROP/groups/upper/full,1,147357123
moves/census/DROP/groups/upper/full,2,146270396
moves/census/DROP/groups/upper/full,3,150182320
moves/census/DROP/groups/upper/full,4,148127725
moves/census/DROP/groups/upper/full,5,155567714
moves/census/DROP/groups/upper/full,6,151146445
moves/census/DROP/groups/upper/full,7,147960546
moves/census/DROP/groups/upper/full,8,149516942
moves/census/DROP/groups/upper/full,9,152167314
moves/census/DROP/groups/upper/full,10,146607168
moves/census/DROP/groups/upper/full,11,146410553
moves/census/DROP/groups/upper/full,12,146593407
moves/census/DROP/groups/upper/full,13,148259525
moves/census/DROP/groups/upper/full,14,148774968
moves/census/DROP/groups/upper/full,15,148267599
moves/census/DROP/groups/upper/full,16,148136820
moves/census/DROP/groups/upper/full,17,150871925
moves/census/DROP/groups/upper/full,18,153150024
moves/census/DROP/groups/upper/full,19,157443592
moves/census/DROP/groups/upper/full,20,156628705
moves/census/DROP/groups/upper/full,21,148644616
moves/census/DROP/groups/upper/full,22,157318265
moves/census/DROP/groups/upper/full,23,158227878
moves/census/DROP/groups/upper/full,24,149825080
moves/census/DROP/groups/upper/full,25,155906879
moves/census/DROP/groups/upper/full,26,147312199
moves/census/DROP/groups/upper/full,27,148368392
moves/census/DROP/groups/upper/full,28,155100594
moves/census/DROP/groups/upper/full,29,153802749
moves/census/DROP/groups/upper/incremental,0,141284570
moves/census/DROP/groups/upper/incremental,1,142659708
moves/census/DROP/groups/upper/incremental,2,146029417
moves/census/DROP/groups/upper/incremental,3,149153342
moves/census/DROP/groups/upper/incremental,4,148373263
moves/census/DROP/groups/upper/incremental,5,148461620
moves/census/DROP/groups/upper/incremental,6,148307784
moves/census/DROP/groups/upper/incremental,7,140499094
moves/census/DROP/groups/upper/incremental,8,140032457
moves/census/DROP/groups/upper/incremental,9,136690361
moves/census/DROP/groups/upper/incremental,10,138161027
moves/census/DROP/groups/upper/incremental,11,137411436
moves/census/DROP/groups/upper/incremental,12,147416457
moves/census/DROP/groups/upper/incremental,13,138272960
moves/census/DROP/groups/upper/incremental,14,145624821
moves/census/DROP/groups/upper/incremental,15,147601039
moves/census/DROP/groups/upper/incremental,16,142054315
moves/census/DROP/groups/upper/incremental,17,137030052
moves/census/DROP/groups/upper/incremental,18,138049751
moves/census/DROP/groups/upper/incremental,19,142754041
moves/census/DROP/groups/upper/incremental,20,137808568
moves/census/DROP/groups/upper/incremental,21,145462435
moves/census/DROP/groups/upper/incremental,22,146784877
moves/census/DROP/groups/upper/incremental,23,143943682
moves/census/DROP/groups/upper/incremental,24,142611175
moves/census/DROP/groups/upper/incremental,25,142770098
moves/census/DROP/groups/upper/incremental,26,146765851
moves/census/DROP/groups/upper/incremental,27,139411243
moves/census/DROP/groups/upper/incremental,28,139685987
moves/census/DROP/groups/upper/incremental,29,140708876
moves/census/DROP/groups/pooled/full,0,154394926
moves/census/DROP/groups/pooled/full,1,157513021
moves/census/DROP/groups/pooled/full,2,159724045
moves/census/DROP/groups/pooled/full,3,149770988
moves/census/DROP/groups/pooled/full,4,154767228
moves/census/DROP/groups/pooled/full,5,156319288
moves/census/DROP/groups/pooled/full,6,156183615
moves/census/DROP/groups/pooled/full,7,159652640
moves/census/DROP/groups/pooled/full,8,158827899
moves/census/DROP/groups/pooled/full,9,158395898
moves/census/DROP/groups/pooled/full,10,159662267
moves/census/DROP/groups/pooled/full,11,160190530
moves/census/DROP/groups/pooled/full,12,158366352
moves/census/DROP/groups/pooled/full,13,156033296
moves/census/DROP/groups/pooled/full,14,157481760
moves/census/DROP/groups/pooled/full,15,156986729
moves/census/DROP/groups/pooled/full,16,158871310
moves/census/DROP/groups/pooled/full,17,149542574
moves/census/DROP/groups/pooled/full,18,153966647
moves/census/DROP/groups/pooled/full,19,155344477
moves/census/DROP/groups/pooled/full,20,150757999
moves/census/DROP/groups/pooled/full,21,152762583
moves/census/DROP/groups/pooled/full,22,150566778
moves/census/DROP/groups/pooled/full,23,150759797
moves/census/DROP/groups/pooled/full,24,154274425
moves/census/DROP/groups/pooled/full,25,157157686
moves/census/DROP/groups/pooled/full,26,150399624
moves/census/DROP/groups/pooled/full,27,153784308
moves/census/DROP/groups/pooled/full,28,149838834
moves/census/DROP/groups/pooled/full,29,154898834
moves/census/DROP/groups/pooled/incremental,0,114566227
moves/census/DROP/groups/pooled/incremental,1,114826586
moves/census/DROP/groups/pooled/incremental,2,114471317
moves/census/DROP/groups/pooled/incremental,3,114480343
moves/census/DROP/groups/pooled/incremental,4,116761995
moves/census/DROP/groups/pooled/incremental,5,114131756
moves/census/DROP/groups/pooled/incremental,6,113629250
moves/census/DROP/groups/pooled/incremental,7,114662630
moves/census/DROP/groups/pooled/incremental,8,109063752
moves/census/DROP/groups/pooled/incremental,9,109465036
moves/census/DROP/groups/pooled/incremental,10,111339094
moves/census/DROP/groups/pooled/incremental,11,112201565
moves/census/DROP/groups/pooled/incremental,12,116123542
moves/census/DROP/groups/pooled/incremental,13,116042296
moves/census/DROP/groups/pooled/incremental,14,112870287
moves/census/DROP/groups/pooled/incremental,15,114507782
moves/census/DROP/groups/pooled/incremental,16,113859214
moves/census/DROP/groups/pooled/incremental,17,110593776
moves/census/DROP/groups/pooled/incremental,18,114132432
moves/census/DROP/groups/pooled/incremental,19,108986283
moves/census/DROP/groups/pooled/incremental,20,112580100
moves/census/DROP/groups/pooled/incremental,21,108706154
moves/census/DROP/groups/pooled/incremental,22,110113598
moves/census/DROP/groups/pooled/incremental,23,111924160
moves/census/DROP/groups/pooled/incremental,24,108495592
moves/census/DROP/groups/pooled/incremental,25,113197766
moves/census/DROP/groups/pooled/incremental,26,109302731
moves/census/DROP/groups/pooled/incremental,27,111950877
moves/census/DROP/groups/pooled/incremental,28,114079693
moves/census/DROP/groups/pooled/incremental,29,111505824
moves/census/SWAP/groups/lower/full,0,157217131
moves/census/SWAP/groups/lower/full,1,157852989
moves/census/SWAP/groups/lower/full,2,158363183
moves/census/SWAP/groups/lower/full,3,152451058
moves/census/SWAP/groups/lower/full,4,155327221
moves/census/SWAP/groups/lower/full,5,158431854
moves/census/SWAP/groups/lower/full,6,162067926
moves/census/SWAP/groups/lower/full,7,155878922
moves/census/SWAP/groups/lower/full,8,163966935
moves/census/SWAP/groups/lower/full,9,162037212
moves/census/SWAP/groups/lower/full,10,154530310
moves/census/SWAP/groups/lower/full,11,158108874
moves/census/SWAP/groups/lower/full,12,159232545
moves/census/SWAP/groups/lower/full,13,157078692
moves/census/SWAP/groups/lower/full,14,159235020
moves/census/SWAP/groups/lower/full,15,167142687
moves/census/SWAP/groups/lower/full,16,165974963
moves/census/SWAP/groups/lower/full,17,162220745
moves/census/SWAP/groups/lower/full,18,165279550
moves/census/SWAP/groups/lower/full,19,165976534
moves/census/SWAP/groups/lower/full,20,161132187
moves/census/SWAP/groups/lower/full,21,160675345
moves/census/SWAP/groups/lower/full,22,158977558
moves/census/SWAP/groups/lower/full,23,161858330
moves/census/SWAP/groups/lower/full,24,161946326
moves/census/SWAP/groups/lower/full,25,159344404
moves/census/SWAP/groups/lower/full,26,160345172
moves/census/SWAP/groups/lower/full,27,161757432
moves/census/SWAP/groups/lower/full,28,160432852
moves/census/SWAP/groups/lower/full,29,155849712
moves/census/SWAP/groups/lower/incremental,0,125303696
moves/census/SWAP/groups/lower/incremental,1,108901460
moves/census/SWAP/groups/lower/incremental,2,106626763
moves/census/SWAP/groups/lower/incremental,3,107467384
moves/census/SWAP/groups/lower/incremental,4,112938603
moves/census/SWAP/groups/lower/incremental,5,106016097
moves/census/SWAP/groups/lower/incremental,6,117376272
moves/census/SWAP/groups/lower/incremental,7,106009407
moves/census/SWAP/groups/lower/incremental,8,113467810
moves/census/SWAP/groups/lower/incremental,9,102022314
moves/census/SWAP/groups/lower/incremental,10,101563316
moves/census/SWAP/groups/lower/incremental,11,103126965
moves/census/SWAP/groups/lower/incremental,12,101347107
moves/census/SWAP/groups/lower/incremental,13,101649838
moves/census/SWAP/groups/lower/incremental,14,103480735
moves/census/SWAP/groups/lower/incremental,15,103971851
moves/census/SWAP/groups/lower/incremental,16,104533314
moves/census/SWAP/groups/lower/incremental,17,101788837
moves/census/SWAP/groups/lower/incremental,18,105965285
moves/census/SWAP/groups/lower/incremental,19,104367318
moves/census/SWAP/groups/lower/incremental,20,103430795
moves/census/SWAP/groups/lower/incremental,21,104246433
moves/census/SWAP/groups/lower/incremental,22,101854101
moves/census/SWAP/groups/lower/incremental,23,100870891
moves/census/SWAP/groups/lower/incremental,24,102442092
moves/census/SWAP/groups/lower/incremental,25,101237808
moves/census/SWAP/groups/lower/incremental,26,105964068
moves/census/SWAP/groups/lower/incremental,27,102145170
moves/census/SWAP/groups/lower/incremental,28,104457737
moves/census/SWAP/groups/lower/incremental,29,101599081
moves/census/SWAP/groups/middle/full,0,154992553
moves/census/SWAP/groups/middle/full,1,152297732
moves/census/SWAP/groups/middle/full,2,146533236
moves/census/SWAP/groups/middle/full,3,150866891
moves/census/SWAP/groups/middle/full,4,149991939
moves/census/SWAP/groups/middle/full,5,154192724
moves/census/SWAP/groups/middle/full,6,147276856
moves/census/SWAP/groups/middle/full,7,146194794
moves/census/SWAP/groups/middle/full,8,147489034
moves/census/SWAP/groups/middle/full,9,144285872
moves/census/SWAP/groups/middle/full,10,147468915
moves/census/SWAP/groups/middle/full,11,152787265
moves/census/SWAP/groups/middle/full,12,147277951
moves/census/SWAP/groups/middle/full,13,146838063
moves/census/SWAP/groups/middle/full,14,147223945
moves/census/SWAP/groups/middle/full,15,145022546
moves/census/SWAP/groups/middle/full,16,146772484
moves/census/SWAP/groups/middle/full,17,145070853
moves/census/SWAP/groups/middle/full,18,144610713
moves/census/SWAP/groups/middle/full,19,144965789
moves/census/SWAP/groups/middle/full,20,144974780
moves/census/SWAP/groups/middle/full,21,145675643
moves/census/SWAP/groups/middle/full,22,144871737
moves/census/SWAP/groups/middle/full,23,149113982
moves/census/SWAP/groups/middle/full,24,147874383
moves/census/SWAP/groups/middle/full,25,147390633
moves/census/SWAP/groups/middle/full,26,145743964
moves/census/SWAP/groups/middle/full,27,148280493
moves/census/SWAP/groups/middle/full,28,148432857
moves/census/SWAP/groups/middle/full,29,149159821
moves/census/SWAP/groups/middle/incremental,0,168156801
moves/census/SWAP/groups/middle/incremental,1,167706415
moves/census/SWAP/groups/middle/incremental,2,168395265
moves/census/SWAP/groups/middle/incremental,3,167529245
moves/census/SWAP/groups/middle/incremental,4,166368479
moves/census/SWAP/groups/middle/incremental,5,167194776
moves/census/SWAP/groups/middle/incremental,6,167607903
moves/census/SWAP/groups/middle/incremental,7,166566978
moves/census/SWAP/groups/middle/incremental,8,166645104
moves/census/SWAP/groups/middle/incremental,9,165564010
moves/census/SWAP/groups/middle/incremental,10,162229776
moves/census/SWAP/groups/middle/incremental,11,165177289
moves/census/SWAP/groups/middle/incremental,12,166011475
moves/census/SWAP/groups/middle/incremental,13,170582348
moves/census/SWAP/groups/middle/incremental,14,171993001
moves/census/SWAP/groups/middle/incremental,15,169545751
moves/census/SWAP/groups/middle/incremental,16,169489335
moves/census/SWAP/groups/middle/incremental,17,168764357
moves/census/SWAP/groups/middle/incremental,18,170220139
moves/census/SWAP/groups/middle/incremental,19,168771519
moves/census/SWAP/groups/middle/incremental,20,168408225
moves/census/SWAP/groups/middle/incremental,21,169200394
moves/census/SWAP/groups/middle/incremental,22,166730316
moves/census/SWAP/groups/middle/incremental,23,165755363
moves/census/SWAP/groups/middle/incremental,24,162577961
moves/census/SWAP/groups/middle/incremental,25,169231928
moves/census/SWAP/groups/middle/incremental,26,167826988
moves/census/SWAP/groups/middle/incremental,27,167352902
moves/census/SWAP/groups/middle/incremental,28,167189221
moves/census/SWAP/groups/middle/incremental,29,162632962
moves/census/SWAP/groups/upper/full,0,152954696
moves/census/SWAP/groups/upper/full,1,156518665
moves/census/SWAP/groups/upper/full,2,155915201
moves/census/SWAP/groups/upper/full,3,154624594
moves/census/SWAP/groups/upper/full,4,152398357
moves/census/SWAP/groups/upper/full,5,154163618
moves/census/SWAP/groups/upper/full,6,150532850
moves/census/SWAP/groups/upper/full,7,151180352
moves/census/SWAP/groups/upper/full,8,150252356
moves/census/SWAP/groups/upper/full,9,152863016
moves/census/SWAP/groups/upper/full,10,155834054
moves/census/SWAP/groups/upper/full,11,154894549
moves/census/SWAP/groups/upper/full,12,152931221
moves/census/SWAP/groups/upper/full,13,159251933
moves/census/SWAP/groups/upper/full,14,157829231
moves/census/SWAP/groups/upper/full,15,156094778
moves/census/SWAP/groups/upper/full,16,153241956
moves/census/SWAP/groups/upper/full,17,158666343
moves/census/SWAP/groups/upper/full,18,154713385
moves/census/SWAP/groups/upper/full,19,155271443
moves/census/SWAP/groups/upper/full,20,158295710
moves/census/SWAP/groups/upper/full,21,154422740
moves/census/SWAP/groups/upper/full,22,159202889
moves/census/SWAP/groups/upper/full,23,159696440
moves/census/SWAP/groups/upper/full,24,160066141
moves/census/SWAP/groups/upper/full,25,159918905
moves/census/SWAP/groups/upper/full,26,158627420
moves/census/SWAP/groups/upper/full,27,162192263
moves/census/SWAP/groups/upper/full,28,159897645
moves/census/SWAP/groups/upper/full,29,161071502
moves/census/SWAP/groups/upper/incremental,0,145647989
moves/census/SWAP/groups/upper/incremental,1,250473006
moves/census/SWAP/groups/upper/incremental,2,177090487
moves/census/SWAP/groups/upper/incremental,3,169840357
moves/census/SWAP/groups/upper/incremental,4,169107076
moves/census/SWAP/groups/upper/incremental,5,182759750
moves/census/SWAP/groups/upper/incremental,6,168860972
moves/census/SWAP/groups/upper/incremental,7,162294079
moves/census/SWAP/groups/upper/incremental,8,158127364
moves/census/SWAP/groups/upper/incremental,9,163742016
moves/census/SWAP/groups/upper/incremental,10,156102900
moves/census/SWAP/groups/upper/incremental,11,157223799
moves/census/SWAP/groups/upper/incremental,12,156599402
moves/census/SWAP/groups/upper/incremental,13,150495850
moves/census/SWAP/groups/upper/incremental,14,154964163
moves/census/SWAP/groups/upper/incremental,15,159673678
moves/census/SWAP/groups/upper/incremental,16,153256424
moves/census/SWAP/groups/upper/incremental,17,151933547
moves/census/SWAP/groups/upper/incremental,18,151283019
moves/census/SWAP/groups/upper/incremental,19,143783575
moves/census/SWAP/groups/upper/incremental,20,144465953
moves/census/SWAP/groups/upper/incremental,21,144525544
moves/census/SWAP/groups/upper/incremental,22,141880073
moves/census/SWAP/groups/upper/incremental,23,147669838
moves/census/SWAP/groups/upper/incremental,24,139236183
moves/census/SWAP/groups/upper/incremental,25,137368389
moves/census/SWAP/groups/upper/incremental,26,136130297
moves/census/SWAP/groups/upper/incremental,27,138736672
moves/census/SWAP/groups/upper/incremental,28,133329679
moves/census/SWAP/groups/upper/incremental,29,139986721
moves/census/SWAP/groups/pooled/full,0,217665786
moves/census/SWAP/groups/pooled/full,1,200147544
moves/census/SWAP/groups/pooled/full,2,225805220
moves/census/SWAP/groups/pooled/full,3,196085503
moves/census/SWAP/groups/pooled/full,4,232812537
moves/census/SWAP/groups/pooled/full,5,321321511
moves/census/SWAP/groups/pooled/full,6,267020799
moves/census/SWAP/groups/pooled/full,7,231335607
moves/census/SWAP/groups/pooled/full,8,254735708
moves/census/SWAP/groups/pooled/full,9,219585095
moves/census/SWAP/groups/pooled/full,10,174738542
moves/census/SWAP/groups/pooled/full,11,171666762
moves/census/SWAP/groups/pooled/full,12,172348103
moves/census/SWAP/groups/pooled/full,13,169898785
moves/census/SWAP/groups/pooled/full,14,193092454
moves/census/SWAP/groups/pooled/full,15,211309907
moves/census/SWAP/groups/pooled/full,16,206149797
moves/census/SWAP/groups/pooled/full,17,193568844
moves/census/SWAP/groups/pooled/full,18,180842319
moves/census/SWAP/groups/pooled/full,19,165486417
moves/census/SWAP/groups/pooled/full,20,169272425
moves/census/SWAP/groups/pooled/full,21,168218873
moves/census/SWAP/groups/pooled/full,22,161925474
moves/census/SWAP/groups/pooled/full,23,158083844
moves/census/SWAP/groups/pooled/full,24,159736508
moves/census/SWAP/groups/pooled/full,25,167176021
moves/census/SWAP/groups/pooled/full,26,175821468
moves/census/SWAP/groups/pooled/full,27,170245931
moves/census/SWAP/groups/pooled/full,28,169030304
moves/census/SWAP/groups/pooled/full,29,165801018
moves/census/SWAP/groups/pooled/incremental,0,173191271
moves/census/SWAP/groups/pooled/incremental,1,168333588
moves/census/SWAP/groups/pooled/incremental,2,166816921
moves/census/SWAP/groups/pooled/incremental,3,167329003
moves/census/SWAP/groups/pooled/incremental,4,175580040
moves/census/SWAP/groups/pooled/incremental,5,203596311
moves/census/SWAP/groups/pooled/incremental,6,195824839
moves/census/SWAP/groups/pooled/incremental,7,268830720
moves/census/SWAP/groups/pooled/incremental,8,199113953
moves/census/SWAP/groups/pooled/incremental,9,231231187
moves/census/SWAP/groups/pooled/incremental,10,192864012
moves/census/SWAP/groups/pooled/incremental,11,197562367
moves/census/SWAP/groups/pooled/incremental,12,184495848
moves/census/SWAP/groups/pooled/incremental,13,175424561
moves/census/SWAP/groups/pooled/incremental,14,170193369
moves/census/SWAP/groups/pooled/incremental,15,172827828
moves/census/SWAP/groups/pooled/incremental,16,170901129
moves/census/SWAP/groups/pooled/incremental,17,167911427
moves/census/SWAP/groups/pooled/incremental,18,170009317
moves/census/SWAP/groups/pooled/incremental,19,180266052
moves/census/SWAP/groups/pooled/incremental,20,210143682
moves/census/SWAP/groups/pooled/incremental,21,175668609
moves/census/SWAP/groups/pooled/incremental,22,175674805
moves/census/SWAP/groups/pooled/incremental,23,175104340
moves/census/SWAP/groups/pooled/incremental,24,201798156
moves/census/SWAP/groups/pooled/incremental,25,186747864
moves/census/SWAP/groups/pooled/incremental,26,191568108
moves/census/SWAP/groups/pooled/incremental,27,196640771
moves/census/SWAP/groups/pooled/incremental,28,187298672
moves/census/SWAP/groups/pooled/incremental,29,182135889
moves/dmv/ADD/groups/lower/full,0,1254886036
moves/dmv/ADD/groups/lower/full,1,1253392357
moves/dmv/ADD/groups/lower/full,2,1241586587
moves/dmv/ADD/groups/lower/full,3,1207338854
moves/dmv/ADD/groups/lower/full,4,1176387630
moves/dmv/ADD/groups/lower/full,5,1182969754
moves/dmv/ADD/groups/lower/full,6,1168751134
moves/dmv/ADD/groups/lower/full,7,1211307401
moves/dmv/ADD/groups/lower/full,8,1204752020
moves/dmv/ADD/groups/lower/full,9,1231595780
moves/dmv/ADD/groups/lower/full,10,1234092040
moves/dmv/ADD/groups/lower/full,11,1211184924
moves/dmv/ADD/groups/lower/full,12,1193788921
moves/dmv/ADD/groups/lower/full,13,1179526694
moves/dmv/ADD/groups/lower/full,14,1123554687
moves/dmv/ADD/groups/lower/full,15,1106194681
moves/dmv/ADD/groups/lower/full,16,1112062966
moves/dmv/ADD/groups/lower/full,17,1181613766
moves/dmv/ADD/groups/lower/full,18,1258348225
moves/dmv/ADD/groups/lower/full,19,1254297807
moves/dmv/ADD/groups/lower/full,20,1268904659
moves/dmv/ADD/groups/lower/full,21,1248008705
moves/dmv/ADD/groups/lower/full,22,1162705436
moves/dmv/ADD/groups/lower/full,23,1187320874
moves/dmv/ADD/groups/lower/full,24,1171893149
moves/dmv/ADD/groups/lower/full,25,1167766288
moves/dmv/ADD/groups/lower/full,26,1158175674
moves/dmv/ADD/groups/lower/full,27,1225259373
moves/dmv/ADD/groups/lower/full,28,1200471409
moves/dmv/ADD/groups/lower/full,29,1279811853
moves/dmv/ADD/groups/lower/incremental,0,370340102
moves/dmv/ADD/groups/lower/incremental,1,368468740
moves/dmv/ADD/groups/lower/incremental,2,365733143
moves/dmv/ADD/groups/lower/incremental,3,364889985
moves/dmv/ADD/groups/lower/incremental,4,365480411
moves/dmv/ADD/groups/lower/incremental,5,368781926
moves/dmv/ADD/groups/lower/incremental,6,375627102
moves/dmv/ADD/groups/lower/incremental,7,378665199
moves/dmv/ADD/groups/lower/incremental,8,385473027
moves/dmv/ADD/groups/lower/incremental,9,392404601
moves/dmv/ADD/groups/lower/incremental,10,389982412
moves/dmv/ADD/groups/lower/incremental,11,411949411
moves/dmv/ADD/groups/lower/incremental,12,400528872
moves/dmv/ADD/groups/lower/incremental,13,403447891
moves/dmv/ADD/groups/lower/incremental,14,409516492
moves/dmv/ADD/groups/lower/incremental,15,407438323
moves/dmv/ADD/groups/lower/incremental,16,411763230
moves/dmv/ADD/groups/lower/incremental,17,391401466
moves/dmv/ADD/groups/lower/incremental,18,387839813
moves/dmv/ADD/groups/lower/incremental,19,364986890
moves/dmv/ADD/groups/lower/incremental,20,363622649
moves/dmv/ADD/groups/lower/incremental,21,440146898
moves/dmv/ADD/groups/lower/incremental,22,368469859
moves/dmv/ADD/groups/lower/incremental,23,372373443
moves/dmv/ADD/groups/lower/incremental,24,409339344
moves/dmv/ADD/groups/lower/incremental,25,393189002
moves/dmv/ADD/groups/lower/incremental,26,368044418
moves/dmv/ADD/groups/lower/incremental,27,377811011
moves/dmv/ADD/groups/lower/incremental,28,380662794
moves/dmv/ADD/groups/lower/incremental,29,382563670
moves/dmv/ADD/groups/middle/full,0,1221627308
moves/dmv/ADD/groups/middle/full,1,1205768485
moves/dmv/ADD/groups/middle/full,2,1223208933
moves/dmv/ADD/groups/middle/full,3,1257433338
moves/dmv/ADD/groups/middle/full,4,1243863265
moves/dmv/ADD/groups/middle/full,5,1252826387
moves/dmv/ADD/groups/middle/full,6,1245065331
moves/dmv/ADD/groups/middle/full,7,1233130495
moves/dmv/ADD/groups/middle/full,8,1224314694
moves/dmv/ADD/groups/middle/full,9,1244269219
moves/dmv/ADD/groups/middle/full,10,1221652274
moves/dmv/ADD/groups/middle/full,11,1235324323
moves/dmv/ADD/groups/middle/full,12,1241760789
moves/dmv/ADD/groups/middle/full,13,1214856018
moves/dmv/ADD/groups/middle/full,14,1240386774
moves/dmv/ADD/groups/middle/full,15,1239120014
moves/dmv/ADD/groups/middle/full,16,1232339310
moves/dmv/ADD/groups/middle/full,17,1254751124
moves/dmv/ADD/groups/middle/full,18,1198535020
moves/dmv/ADD/groups/middle/full,19,1167370658
moves/dmv/ADD/groups/middle/full,20,1227226906
moves/dmv/ADD/groups/middle/full,21,1272998639
moves/dmv/ADD/groups/middle/full,22,1265327189
moves/dmv/ADD/groups/middle/full,23,1240717543
moves/dmv/ADD/groups/middle/full,24,1259914719
moves/dmv/ADD/groups/middle/full,25,1301714907
moves/dmv/ADD/groups/middle/full,26,1280472781
moves/dmv/ADD/groups/middle/full,27,1256946853
moves/dmv/ADD/groups/middle/full,28,1270783443
moves/dmv/ADD/groups/middle/full,29,1269596873
moves/dmv/ADD/groups/middle/incremental,0,420838615
moves/dmv/ADD/groups/middle/incremental,1,398278742
moves/dmv/ADD/groups/middle/incremental,2,399039692
moves/dmv/ADD/groups/middle/incremental,3,397978316
moves/dmv/ADD/groups/middle/incremental,4,401508742
moves/dmv/ADD/groups/middle/incremental,5,402409372
moves/dmv/ADD/groups/middle/incremental,6,399592602
moves/dmv/ADD/groups/middle/incremental,7,405520781
moves/dmv/ADD/groups/middle/incremental,8,397458286
moves/dmv/ADD/groups/middle/incremental,9,407076381
moves/dmv/ADD/groups/middle/incremental,10,412687077
moves/dmv/ADD/groups/middle/incremental,11,399527588
moves/dmv/ADD/groups/middle/incremental,12,394646985
moves/dmv/ADD/groups/middle/incremental,13,394520209
moves/dmv/ADD/groups/middle/incremental,14,398378930
moves/dmv/ADD/groups/middle/incremental,15,393853789
moves/dmv/ADD/groups/middle/incremental,16,404058346
moves/dmv/ADD/groups/middle/incremental,17,398631281
moves/dmv/ADD/groups/middle/incremental,18,397061299
moves/dmv/ADD/groups/middle/incremental,19,398180446
moves/dmv/ADD/groups/middle/incremental,20,404997379
moves/dmv/ADD/groups/middle/incremental,21,398926573
moves/dmv/ADD/groups/middle/incremental,22,405889910
moves/dmv/ADD/groups/middle/incremental,23,410426515
moves/dmv/ADD/groups/middle/incremental,24,411417048
moves/dmv/ADD/groups/middle/incremental,25,403345243
moves/dmv/ADD/groups/middle/incremental,26,416917261
moves/dmv/ADD/groups/middle/incremental,27,407049728
moves/dmv/ADD/groups/middle/incremental,28,404178497
moves/dmv/ADD/groups/middle/incremental,29,412149863
moves/dmv/ADD/groups/upper/full,0,1349728763
moves/dmv/ADD/groups/upper/full,1,1329778944
moves/dmv/ADD/groups/upper/full,2,1302230748
moves/dmv/ADD/groups/upper/full,3,1279522060
moves/dmv/ADD/groups/upper/full,4,1267324203
moves/dmv/ADD/groups/upper/full,5,1341318293
moves/dmv/ADD/groups/upper/full,6,1275890226
moves/dmv/ADD/groups/upper/full,7,1313866792
moves/dmv/ADD/groups/upper/full,8,1281768103
moves/dmv/ADD/groups/upper/full,9,1275651990
moves/dmv/ADD/groups/upper/full,10,1281224701
moves/dmv/ADD/groups/upper/full,11,1303874559
moves/dmv/ADD/groups/upper/full,12,1332357324
moves/dmv/ADD/groups/upper/full,13,1295300885
moves/dmv/ADD/groups/upper/full,14,1314801450
moves/dmv/ADD/groups/upper/full,15,1286865210
moves/dmv/ADD/groups/upper/full,16,1292785856
moves/dmv/ADD/groups/upper/full,17,1299213223
moves/dmv/ADD/groups/upper/full,18,1288517171
moves/dmv/ADD/groups/upper/full,19,1257472171
moves/dmv/ADD/groups/upper/full,20,1334099649
moves/dmv/ADD/groups/upper/full,21,1331351899
moves/dmv/ADD/groups/upper/full,22,1300999444
moves/dmv/ADD/groups/upper/full,23,1320138733
moves/dmv/ADD/groups/upper/full,24,1293844632
moves/dmv/ADD/groups/upper/full,25,1261569543
moves/dmv/ADD/groups/upper/full,26,1281709126
moves/dmv/ADD/groups/upper/full,27,1310315012
moves/dmv/ADD/groups/upper/full,28,1263408204
moves/dmv/ADD/groups/upper/full,29,1286804747
moves/dmv/ADD/groups/upper/incremental,0,393146822
moves/dmv/ADD/groups/upper/incremental,1,386373898
moves/dmv/ADD/groups/upper/incremental,2,385752327
moves/dmv/ADD/groups/upper/incremental,3,391400108
moves/dmv/ADD/groups/upper/incremental,4,402789984
moves/dmv/ADD/groups/upper/incremental,5,399225215
moves/dmv/ADD/groups/upper/incremental,6,397162502
moves/dmv/ADD/groups/upper/incremental,7,387836312
moves/dmv/ADD/groups/upper/incremental,8,386274241
moves/dmv/ADD/groups/upper/incremental,9,384625952
moves/dmv/ADD/groups/upper/incremental,10,387637290
moves/dmv/ADD/groups/upper/incremental,11,391931516
moves/dmv/ADD/groups/upper/incremental,12,388216182
moves/dmv/ADD/groups/upper/incremental,13,393353505
moves/dmv/ADD/groups/upper/incremental,14,409009047
moves/dmv/ADD/groups/upper/incremental,15,427172256
moves/dmv/ADD/groups/upper/incremental,16,405028772
moves/dmv/ADD/groups/upper/incremental,17,420709642
moves/dmv/ADD/groups/upper/incremental,18,394547427
moves/dmv/ADD/groups/upper/incremental,19,389259226
moves/dmv/ADD/groups/upper/incremental,20,382260720
moves/dmv/ADD/groups/upper/incremental,21,388948129
moves/dmv/ADD/groups/upper/incremental,22,444340129
moves/dmv/ADD/groups/upper/incremental,23,429321450
moves/dmv/ADD/groups/upper/incremental,24,429341963
moves/dmv/ADD/groups/upper/incremental,25,437093773
moves/dmv/ADD/groups/upper/incremental,26,403020966
moves/dmv/ADD/groups/upper/incremental,27,391094693
moves/dmv/ADD/groups/upper/incremental,28,415034192
moves/dmv/ADD/groups/upper/incremental,29,434054704
moves/dmv/ADD/groups/pooled/full,0,1287917343
moves/dmv/ADD/groups/pooled/full,1,1275645313
moves/dmv/ADD/groups/pooled/full,2,1251580689
moves/dmv/ADD/groups/pooled/full,3,1251678654
moves/dmv/ADD/groups/pooled/full,4,1268002016
moves/dmv/ADD/groups/pooled/full,5,1287028315
moves/dmv/ADD/groups/pooled/full,6,1338850935
moves/dmv/ADD/groups/pooled/full,7,1335650292
moves/dmv/ADD/groups/pooled/full,8,1333507066
moves/dmv/ADD/groups/pooled/full,9,1300472367
moves/dmv/ADD/groups/pooled/full,10,1262993368
moves/dmv/ADD/groups/pooled/full,11,1286126970
moves/dmv/ADD/groups/pooled/full,12,1301447869
moves/dmv/ADD/groups/pooled/full,13,1294940331
moves/dmv/ADD/groups/pooled/full,14,1261404218
moves/dmv/ADD/groups/pooled/full,15,1262985257
moves/dmv/ADD/groups/pooled/full,16,1267614733
moves/dmv/ADD/groups/pooled/full,17,1292789176
moves/dmv/ADD/groups/pooled/full,18,1252276869
moves/dmv/ADD/groups/pooled/full,19,1253362377
moves/dmv/ADD/groups/pooled/full,20,1238466065
moves/dmv/ADD/groups/pooled/full,21,1240080819
moves/dmv/ADD/groups/pooled/full,22,1240408454
moves/dmv/ADD/groups/pooled/full,23,1247963897
moves/dmv/ADD/groups/pooled/full,24,1246624876
moves/dmv/ADD/groups/pooled/full,25,1257495513
moves/dmv/ADD/groups/pooled/full,26,1266900604
moves/dmv/ADD/groups/pooled/full,27,1252447493
moves/dmv/ADD/groups/pooled/full,28,1251149016
moves/dmv/ADD/groups/pooled/full,29,1228319113
moves/dmv/ADD/groups/pooled/incremental,0,396622049
moves/dmv/ADD/groups/pooled/incremental,1,394696499
moves/dmv/ADD/groups/pooled/incremental,2,394215775
moves/dmv/ADD/groups/pooled/incremental,3,385041981
moves/dmv/ADD/groups/pooled/incremental,4,385596868
moves/dmv/ADD/groups/pooled/incremental,5,392223366
moves/dmv/ADD/groups/pooled/incremental,6,384997116
moves/dmv/ADD/groups/pooled/incremental,7,398703667
moves/dmv/ADD/groups/pooled/incremental,8,386786970
moves/dmv/ADD/groups/pooled/incremental,9,389128541
moves/dmv/ADD/groups/pooled/incremental,10,390627780
moves/dmv/ADD/groups/pooled/incremental,11,407125320
moves/dmv/ADD/groups/pooled/incremental,12,410025382
moves/dmv/ADD/groups/pooled/incremental,13,407029617
moves/dmv/ADD/groups/pooled/incremental,14,391383558
moves/dmv/ADD/groups/pooled/incremental,15,393419117
moves/dmv/ADD/groups/pooled/incremental,16,403141370
moves/dmv/ADD/groups/pooled/incremental,17,394991416
moves/dmv/ADD/groups/pooled/incremental,18,401189170
moves/dmv/ADD/groups/pooled/incremental,19,390423152
moves/dmv/ADD/groups/pooled/incremental,20,388617302
moves/dmv/ADD/groups/pooled/incremental,21,388597127
moves/dmv/ADD/groups/pooled/incremental,22,390308140
moves/dmv/ADD/groups/pooled/incremental,23,385513812
moves/dmv/ADD/groups/pooled/incremental,24,403796405
moves/dmv/ADD/groups/pooled/incremental,25,393461505
moves/dmv/ADD/groups/pooled/incremental,26,392444824
moves/dmv/ADD/groups/pooled/incremental,27,387175472
moves/dmv/ADD/groups/pooled/incremental,28,387151972
moves/dmv/ADD/groups/pooled/incremental,29,386246705
moves/dmv/DROP/groups/lower/full,0,1228919707
moves/dmv/DROP/groups/lower/full,1,1195999945
moves/dmv/DROP/groups/lower/full,2,1198208506
moves/dmv/DROP/groups/lower/full,3,1221235767
moves/dmv/DROP/groups/lower/full,4,1239387172
moves/dmv/DROP/groups/lower/full,5,1210862491
moves/dmv/DROP/groups/lower/full,6,1193730969
moves/dmv/DROP/groups/lower/full,7,1217807814
moves/dmv/DROP/groups/lower/full,8,1211360387
moves/dmv/DROP/groups/lower/full,9,1194170054
moves/dmv/DROP/groups/lower/full,10,1227124633
moves/dmv/DROP/groups/lower/full,11,1198925045
moves/dmv/DROP/groups/lower/full,12,1202153554
moves/dmv/DROP/groups/lower/full,13,1210894264
moves/dmv/DROP/groups/lower/full,14,1222915011
moves/dmv/DROP/groups/lower/full,15,1200313093
moves/dmv/DROP/groups/lower/full,16,1213955919
moves/dmv/DROP/groups/lower/full,17,1214433869
moves/dmv/DROP/groups/lower/full,18,1226131036
moves/dmv/DROP/groups/lower/full,19,1248974225
moves/dmv/DROP/groups/lower/full,20,1235790358
moves/dmv/DROP/groups/lower/full,21,1271398680
moves/dmv/DROP/groups/lower/full,22,1231973417
moves/dmv/DROP/groups/lower/full,23,1194134579
moves/dmv/DROP/groups/lower/full,24,1224612873
moves/dmv/DROP/groups/lower/full,25,1209821035
moves/dmv/DROP/groups/lower/full,26,1228601738
moves/dmv/DROP/groups/lower/full,27,1211298232
moves/dmv/DROP/groups/lower/full,28,1181182456
moves/dmv/DROP/groups/lower/full,29,1219866451
moves/dmv/DROP/groups/lower/incremental,0,412980123
moves/dmv/DROP/groups/lower/incremental,1,425199814
moves/dmv/DROP/groups/lower/incremental,2,401120902
moves/dmv/DROP/groups/lower/incremental,3,418627458
moves/dmv/DROP/groups/lower/incremental,4,409426758
moves/dmv/DROP/groups/lower/incremental,5,407726873
moves/dmv/DROP/groups/lower/incremental,6,411310116
moves/dmv/DROP/groups/lower/incremental,7,406113768
moves/dmv/DROP/groups/lower/incremental,8,405167162
moves/dmv/DROP/groups/lower/incremental,9,407048105
moves/dmv/DROP/groups/lower/incremental,10,409727077
moves/dmv/DROP/groups/lower/incremental,11,402715364
moves/dmv/DROP/groups/lower/incremental,12,401113845
moves/dmv/DROP/groups/lower/incremental,13,400651664
moves/dmv/DROP/groups/lower/incremental,14,405744614
moves/dmv/DROP/groups/lower/incremental,15,394282419
moves/dmv/DROP/groups/lower/incremental,16,398071134
moves/dmv/DROP/groups/lower/incremental,17,396508298
moves/dmv/DROP/groups/lower/incremental,18,408388009
moves/dmv/DROP/groups/lower/incremental,19,407584206
moves/dmv/DROP/groups/lower/incremental,20,412806487
moves/dmv/DROP/groups/lower/incremental,21,403820045
moves/dmv/DROP/groups/lower/incremental,22,400566532
moves/dmv/DROP/groups/lower/incremental,23,410786984
moves/dmv/DROP/groups/lower/incremental,24,412233240
moves/dmv/DROP/groups/lower/incremental,25,419077564
moves/dmv/DROP/groups/lower/incremental,26,395091615
moves/dmv/DROP/groups/lower/incremental,27,403304444
moves/dmv/DROP/groups/lower/incremental,28,404805153
moves/dmv/DROP/groups/lower/incremental,29,408914881
moves/dmv/DROP/groups/middle/full,0,1205462953
moves/dmv/DROP/groups/middle/full,1,1206635832
moves/dmv/DROP/groups/middle/full,2,1225835255
moves/dmv/DROP/groups/middle/full,3,1206492753
moves/dmv/DROP/groups/middle/full,4,1193892128
moves/dmv/DROP/groups/middle/full,5,1197038894
moves/dmv/DROP/groups/middle/full,6,1223002720
moves/dmv/DROP/groups/middle/full,7,1172951974
moves/dmv/DROP/groups/middle/full,8,1168753237
moves/dmv/DROP/groups/middle/full,9,1164681116
moves/dmv/DROP/groups/middle/full,10,1178981984
moves/dmv/DROP/groups/middle/full,11,1181492727
moves/dmv/DROP/groups/middle/full,12,1190360019
moves/dmv/DROP/groups/middle/full,13,1253435612
moves/dmv/DROP/groups/middle/full,14,1199018966
moves/dmv/DROP/groups/middle/full,15,1206834851
moves/dmv/DROP/groups/middle/full,16,1399583684
moves/dmv/DROP/groups/middle/full,17,1268769364
moves/dmv/DROP/groups/middle/full,18,1232060486
moves/dmv/DROP/groups/middle/full,19,1240893144
moves/dmv/DROP/groups/middle/full,20,1202690961
moves/dmv/DROP/groups/middle/full,21,1265867160
moves/dmv/DROP/groups/middle/full,22,1221456257
moves/dmv/DROP/groups/middle/full,23,1219847617
moves/dmv/DROP/groups/middle/full,24,1233306036
moves/dmv/DROP/groups/middle/full,25,1229620541
moves/dmv/DROP/groups/middle/full,26,1226719676
moves/dmv/DROP/groups/middle/full,27,1270365822
moves/dmv/DROP/groups/middle/full,28,1274877932
moves/dmv/DROP/groups/middle/full,29,1359795416
moves/dmv/DROP/groups/middle/incremental,0,528536068
moves/dmv/DROP/groups/middle/incremental,1,460442176
moves/dmv/DROP/groups/middle/incremental,2,436174442
moves/dmv/DROP/groups/middle/incremental,3,475699876
moves/dmv/DROP/groups/middle/incremental,4,448983997
moves/dmv/DROP/groups/middle/incremental,5,466723438
moves/dmv/DROP/groups/middle/incremental,6,443232296
moves/dmv/DROP/groups/middle/incremental,7,449018957
moves/dmv/DROP/groups/middle/incremental,8,449815321
moves/dmv/DROP/groups/middle/incremental,9,444473486
moves/dmv/DROP/groups/middle/incremental,10,446617904
moves/dmv/DROP/groups/middle/incremental,11,429969041
moves/dmv/DROP/groups/middle/incremental,12,431549312
moves/dmv/DROP/groups/middle/incremental,13,439638216
moves/dmv/DROP/groups/middle/incremental,14,439006311
moves/dmv/DROP/groups/middle/incremental,15,441060144
moves/dmv/DROP/groups/middle/incremental,16,451787629
moves/dmv/DROP/groups/middle/incremental,17,443568713
moves/dmv/DROP/groups/middle/incremental,18,442786042
moves/dmv/DROP/groups/middle/incremental,19,446928532
moves/dmv/DROP/groups/middle/incremental,20,440760913
moves/dmv/DROP/groups/middle/incremental,21,430046355
moves/dmv/DROP/groups/middle/incremental,22,436406060
moves/dmv/DROP/groups/middle/incremental,23,443893099
moves/dmv/DROP/groups/middle/incremental,24,416922161
moves/dmv/DROP/groups/middle/incremental,25,422257280
moves/dmv/DROP/groups/middle/incremental,26,424999022
moves/dmv/DROP/groups/middle/incremental,27,428585505
moves/dmv/DROP/groups/middle/incremental,28,413904938
moves/dmv/DROP/groups/middle/incremental,29,429570415
moves/dmv/DROP/groups/upper/full,0,1306814875
moves/dmv/DROP/groups/upper/full,1,1254783945
moves/dmv/DROP/groups/upper/full,2,1229794940
moves/dmv/DROP/groups/upper/full,3,1245868914
moves/dmv/DROP/groups/upper/full,4,1273822518
moves/dmv/DROP/groups/upper/full,5,1334115104
moves/dmv/DROP/groups/upper/full,6,1341923573
moves/dmv/DROP/groups/upper/full,7,1282927809
moves/dmv/DROP/groups/upper/full,8,1325789758
moves/dmv/DROP/groups/upper/full,9,1320833065
moves/dmv/DROP/groups/upper/full,10,1324789071
moves/dmv/DROP/groups/upper/full,11,1327439946
moves/dmv/DROP/groups/upper/full,12,1287348692
moves/dmv/DROP/groups/upper/full,13,1285150018
moves/dmv/DROP/groups/upper/full,14,1299872867
moves/dmv/DROP/groups/upper/full,15,1273819516
moves/dmv/DROP/groups/upper/full,16,1267890668
moves/dmv/DROP/groups/upper/full,17,1242145475
moves/dmv/DROP/groups/upper/full,18,1210505909
moves/dmv/DROP/groups/upper/full,19,1239445679
moves/dmv/DROP/groups/upper/full,20,1227346534
moves/dmv/DROP/groups/upper/full,21,1229388146
moves/dmv/DROP/groups/upper/full,22,1173930802
moves/dmv/DROP/groups/upper/full,23,1173962113
moves/dmv/DROP/groups/upper/full,24,1219360556
moves/dmv/DROP/groups/upper/full,25,1190039934
moves/dmv/DROP/groups/upper/full,26,1197805354
moves/dmv/DROP/groups/upper/full,27,1224618113
moves/dmv/DROP/groups/upper/full,28,1195489271
moves/dmv/DROP/groups/upper/full,29,1240227207
moves/dmv/DROP/groups/upper/incremental,0,369147905
moves/dmv/DROP/groups/upper/incremental,1,358592940
moves/dmv/DROP/groups/upper/incremental,2,356746463
moves/dmv/DROP/groups/upper/incremental,3,366094476
moves/dmv/DROP/groups/upper/incremental,4,352079235
moves/dmv/DROP/groups/upper/incremental,5,361417632
moves/dmv/DROP/groups/upper/incremental,6,354914937
moves/dmv/DROP/groups/upper/incremental,7,351530215
moves/dmv/DROP/groups/upper/incremental,8,354258868
moves/dmv/DROP/groups/upper/incremental,9,356125952
moves/dmv/DROP/groups/upper/incremental,10,359618693
moves/dmv/DROP/groups/upper/incremental,11,365854984
moves/dmv/DROP/groups/upper/incremental,12,359905240
moves/dmv/DROP/groups/upper/incremental,13,362936697
moves/dmv/DROP/groups/upper/incremental,14,369912961
moves/dmv/DROP/groups/upper/incremental,15,361964396
moves/dmv/DROP/groups/upper/incremental,16,362185198
moves/dmv/DROP/groups/upper/incremental,17,349763331
moves/dmv/DROP/groups/upper/incremental,18,363687709
moves/dmv/DROP/groups/upper/incremental,19,359057721
moves/dmv/DROP/groups/upper/incremental,20,355965001
moves/dmv/DROP/groups/upper/incremental,21,370809787
moves/dmv/DROP/groups/upper/incremental,22,363039090
moves/dmv/DROP/groups/upper/incremental,23,360328274
moves/dmv/DROP/groups/upper/incremental,24,348575607
moves/dmv/DROP/groups/upper/incremental,25,369448398
moves/dmv/DROP/groups/upper/incremental,26,368567885
moves/dmv/DROP/groups/upper/incremental,27,369376810
moves/dmv/DROP/groups/upper/incremental,28,368164661
moves/dmv/DROP/groups/upper/incremental,29,348735194
moves/dmv/DROP/groups/pooled/full,0,1163251834
moves/dmv/DROP/groups/pooled/full,1,1163259772
moves/dmv/DROP/groups/pooled/full,2,1175099983
moves/dmv/DROP/groups/pooled/full,3,1148791711
moves/dmv/DROP/groups/pooled/full,4,1150211676
moves/dmv/DROP/groups/pooled/full,5,1194342357
moves/dmv/DROP/groups/pooled/full,6,1162720177
moves/dmv/DROP/groups/pooled/full,7,1197849897
moves/dmv/DROP/groups/pooled/full,8,1234843586
moves/dmv/DROP/groups/pooled/full,9,1197422942
moves/dmv/DROP/groups/pooled/full,10,1201341675
moves/dmv/DROP/groups/pooled/full,11,1199862971
moves/dmv/DROP/groups/pooled/full,12,1215177794
moves/dmv/DROP/groups/pooled/full,13,1202458596
moves/dmv/DROP/groups/pooled/full,14,1160114133
moves/dmv/DROP/groups/pooled/full,15,1150342723
moves/dmv/DROP/groups/pooled/full,16,1159594988
moves/dmv/DROP/groups/pooled/full,17,1212611422
moves/dmv/DROP/groups/pooled/full,18,1210779234
moves/dmv/DROP/groups/pooled/full,19,1225638985
moves/dmv/DROP/groups/pooled/full,20,1228125598
moves/dmv/DROP/groups/pooled/full,21,1215108387
moves/dmv/DROP/groups/pooled/full,22,1177305909
moves/dmv/DROP/groups/pooled/full,23,1219543634
moves/dmv/DROP/groups/pooled/full,24,1200279489
moves/dmv/DROP/groups/pooled/full,25,1186184349
moves/dmv/DROP/groups/pooled/full,26,1197695262
moves/dmv/DROP/groups/pooled/full,27,1205057743
moves/dmv/DROP/groups/pooled/full,28,1213390630
moves/dmv/DROP/groups/pooled/full,29,1250695176
moves/dmv/DROP/groups/pooled/incremental,0,390185191
moves/dmv/DROP/groups/pooled/incremental,1,393309924
moves/dmv/DROP/groups/pooled/incremental,2,401491528
moves/dmv/DROP/groups/pooled/incremental,3,408780897
moves/dmv/DROP/groups/pooled/incremental,4,409251765
moves/dmv/DROP/groups/pooled/incremental,5,397120136
moves/dmv/DROP/groups/pooled/incremental,6,406100214
moves/dmv/DROP/groups/pooled/incremental,7,419556034
moves/dmv/DROP/groups/pooled/incremental,8,407586939
moves/dmv/DROP/groups/pooled/incremental,9,404587275
moves/dmv/DROP/groups/pooled/incremental,10,411112704
moves/dmv/DROP/groups/pooled/incremental,11,407795154
moves/dmv/DROP/groups/pooled/incremental,12,408653156
moves/dmv/DROP/groups/pooled/incremental,13,402515493
moves/dmv/DROP/groups/pooled/incremental,14,398392350
moves/dmv/DROP/groups/pooled/incremental,15,388826917
moves/dmv/DROP/groups/pooled/incremental,16,401982928
moves/dmv/DROP/groups/pooled/incremental,17,396625502
moves/dmv/DROP/groups/pooled/incremental,18,404389424
moves/dmv/DROP/groups/pooled/incremental,19,399785366
moves/dmv/DROP/groups/pooled/incremental,20,410241902
moves/dmv/DROP/groups/pooled/incremental,21,401449163
moves/dmv/DROP/groups/pooled/incremental,22,404484903
moves/dmv/DROP/groups/pooled/incremental,23,409148708
moves/dmv/DROP/groups/pooled/incremental,24,387994908
moves/dmv/DROP/groups/pooled/incremental,25,399033869
moves/dmv/DROP/groups/pooled/incremental,26,396351274
moves/dmv/DROP/groups/pooled/incremental,27,401009333
moves/dmv/DROP/groups/pooled/incremental,28,394608517
moves/dmv/DROP/groups/pooled/incremental,29,399783091
moves/dmv/SWAP/groups/lower/full,0,1213611611
moves/dmv/SWAP/groups/lower/full,1,1205563933
moves/dmv/SWAP/groups/lower/full,2,1206689182
moves/dmv/SWAP/groups/lower/full,3,1220350421
moves/dmv/SWAP/groups/lower/full,4,1229949919
moves/dmv/SWAP/groups/lower/full,5,1251026325
moves/dmv/SWAP/groups/lower/full,6,1216012535
moves/dmv/SWAP/groups/lower/full,7,1187698961
moves/dmv/SWAP/groups/lower/full,8,1190887715
moves/dmv/SWAP/groups/lower/full,9,1190569705
moves/dmv/SWAP/groups/lower/full,10,1210537436
moves/dmv/SWAP/groups/lower/full,11,1226478530
moves/dmv/SWAP/groups/lower/full,12,1263537234
moves/dmv/SWAP/groups/lower/full,13,1206779420
moves/dmv/SWAP/groups/lower/full,14,1208312054
moves/dmv/SWAP/groups/lower/full,15,1163389409
moves/dmv/SWAP/groups/lower/full,16,1175587833
moves/dmv/SWAP/groups/lower/full,17,1175998712
moves/dmv/SWAP/groups/lower/full,18,1175937371
moves/dmv/SWAP/groups/lower/full,19,1173315829
moves/dmv/SWAP/groups/lower/full,20,1147239784
moves/dmv/SWAP/groups/lower/full,21,1157637934
moves/dmv/SWAP/groups/lower/full,22,1199470307
moves/dmv/SWAP/groups/lower/full,23,1200664615
moves/dmv/SWAP/groups/lower/full,24,1186160054
moves/dmv/SWAP/groups/lower/full,25,1172713134
moves/dmv/SWAP/groups/lower/full,26,1196753710
moves/dmv/SWAP/groups/lower/full,27,1171528382
moves/dmv/SWAP/groups/lower/full,28,1221625457
moves/dmv/SWAP/groups/lower/full,29,1212546124
moves/dmv/SWAP/groups/lower/incremental,0,543606156
moves/dmv/SWAP/groups/lower/incremental,1,557144011
moves/dmv/SWAP/groups/lower/incremental,2,540643757
moves/dmv/SWAP/groups/lower/incremental,3,551246480
moves/dmv/SWAP/groups/lower/incremental,4,560479217
moves/dmv/SWAP/groups/lower/incremental,5,550074906
moves/dmv/SWAP/groups/lower/incremental,6,555049887
moves/dmv/SWAP/groups/lower/incremental,7,553770733
moves/dmv/SWAP/groups/lower/incremental,8,553451628
moves/dmv/SWAP/groups/lower/incremental,9,550572077
moves/dmv/SWAP/groups/lower/incremental,10,569866150
moves/dmv/SWAP/groups/lower/incremental,11,563836239
moves/dmv/SWAP/groups/lower/incremental,12,553974571
moves/dmv/SWAP/groups/lower/incremental,13,546909423
moves/dmv/SWAP/groups/lower/incremental,14,543161348
moves/dmv/SWAP/groups/lower/incremental,15,567407137
moves/dmv/SWAP/groups/lower/incremental,16,534850040
moves/dmv/SWAP/groups/lower/incremental,17,536150598
moves/dmv/SWAP/groups/lower/incremental,18,545793712
moves/dmv/SWAP/groups/lower/incremental,19,539167522
moves/dmv/SWAP/groups/lower/incremental,20,557939469
moves/dmv/SWAP/groups/lower/incremental,21,547300678
moves/dmv/SWAP/groups/lower/incremental,22,547689424
moves/dmv/SWAP/groups/lower/incremental,23,543432217
moves/dmv/SWAP/groups/lower/incremental,24,542019924
moves/dmv/SWAP/groups/lower/incremental,25,539094444
moves/dmv/SWAP/groups/lower/incremental,26,524203776
moves/dmv/SWAP/groups/lower/incremental,27,522903166
moves/dmv/SWAP/groups/lower/incremental,28,520728330
moves/dmv/SWAP/groups/lower/incremental,29,525946431
moves/dmv/SWAP/groups/middle/full,0,1169394001
moves/dmv/SWAP/groups/middle/full,1,1190945850
moves/dmv/SWAP/groups/middle/full,2,1148765471
moves/dmv/SWAP/groups/middle/full,3,1146675299
moves/dmv/SWAP/groups/middle/full,4,1173388010
moves/dmv/SWAP/groups/middle/full,5,1166487101
moves/dmv/SWAP/groups/middle/full,6,1141451168
moves/dmv/SWAP/groups/middle/full,7,1156859762
moves/dmv/SWAP/groups/middle/full,8,1152348099
moves/dmv/SWAP/groups/middle/full,9,1140472224
moves/dmv/SWAP/groups/middle/full,10,1152412059
moves/dmv/SWAP/groups/middle/full,11,1160710030
moves/dmv/SWAP/groups/middle/full,12,1200344642
moves/dmv/SWAP/groups/middle/full,13,1183657855
moves/dmv/SWAP/groups/middle/full,14,1179368618
moves/dmv/SWAP/groups/middle/full,15,1166514039
moves/dmv/SWAP/groups/middle/full,16,1158935166
moves/dmv/SWAP/groups/middle/full,17,1131755507
moves/dmv/SWAP/groups/middle/full,18,1134008732
moves/dmv/SWAP/groups/middle/full,19,1163359663
moves/dmv/SWAP/groups/middle/full,20,1130390043
moves/dmv/SWAP/groups/middle/full,21,1124052687
moves/dmv/SWAP/groups/middle/full,22,1138741456
moves/dmv/SWAP/groups/middle/full,23,1125610201
moves/dmv/SWAP/groups/middle/full,24,1151224750
moves/dmv/SWAP/groups/middle/full,25,1132832244
moves/dmv/SWAP/groups/middle/full,26,1154786201
moves/dmv/SWAP/groups/middle/full,27,1103948932
moves/dmv/SWAP/groups/middle/full,28,1108453776
moves/dmv/SWAP/groups/middle/full,29,1124516129
moves/dmv/SWAP/groups/middle/incremental,0,589134340
moves/dmv/SWAP/groups/middle/incremental,1,604411739
moves/dmv/SWAP/groups/middle/incremental,2,573611598
moves/dmv/SWAP/groups/middle/incremental,3,582671478
moves/dmv/SWAP/groups/middle/incremental,4,579210805
moves/dmv/SWAP/groups/middle/incremental,5,589093934
moves/dmv/SWAP/groups/middle/incremental,6,575174249
moves/dmv/SWAP/groups/middle/incremental,7,584628334
moves/dmv/SWAP/groups/middle/incremental,8,577150826
moves/dmv/SWAP/groups/middle/incremental,9,593139389
moves/dmv/SWAP/groups/middle/incremental,10,612832329
moves/dmv/SWAP/groups/middle/incremental,11,603715159
moves/dmv/SWAP/groups/middle/incremental,12,598091267
moves/dmv/SWAP/groups/middle/incremental,13,604301783
moves/dmv/SWAP/groups/middle/incremental,14,597004883
moves/dmv/SWAP/groups/middle/incremental,15,596407027
moves/dmv/SWAP/groups/middle/incremental,16,600376171
moves/dmv/SWAP/groups/middle/incremental,17,586706321
moves/dmv/SWAP/groups/middle/incremental,18,590131067
moves/dmv/SWAP/groups/middle/incremental,19,580381380
moves/dmv/SWAP/groups/middle/incremental,20,597110131
moves/dmv/SWAP/groups/middle/incremental,21,589372634
moves/dmv/SWAP/groups/middle/incremental,22,594820802
moves/dmv/SWAP/groups/middle/incremental,23,585861609
moves/dmv/SWAP/groups/middle/incremental,24,568508564
moves/dmv/SWAP/groups/middle/incremental,25,569335170
moves/dmv/SWAP/groups/middle/incremental,26,575309673
moves/dmv/SWAP/groups/middle/incremental,27,573005066
moves/dmv/SWAP/groups/middle/incremental,28,585240985
moves/dmv/SWAP/groups/middle/incremental,29,558405270
moves/dmv/SWAP/groups/upper/full,0,1107255584
moves/dmv/SWAP/groups/upper/full,1,1105150645
moves/dmv/SWAP/groups/upper/full,2,1123298188
moves/dmv/SWAP/groups/upper/full,3,1137428927
moves/dmv/SWAP/groups/upper/full,4,1135092221
moves/dmv/SWAP/groups/upper/full,5,1159797332
moves/dmv/SWAP/groups/upper/full,6,1146778737
moves/dmv/SWAP/groups/upper/full,7,1140649540
moves/dmv/SWAP/groups/upper/full,8,1139842003
moves/dmv/SWAP/groups/upper/full,9,1138251097
moves/dmv/SWAP/groups/upper/full,10,1147873758
moves/dmv/SWAP/groups/upper/full,11,1156705838
moves/dmv/SWAP/groups/upper/full,12,1142711145
moves/dmv/SWAP/groups/upper/full,13,1149093832
moves/dmv/SWAP/groups/upper/full,14,1162605665
moves/dmv/SWAP/groups/upper/full,15,1153723952
moves/dmv/SWAP/groups/upper/full,16,1099996630
moves/dmv/SWAP/groups/upper/full,17,1125834273
moves/dmv/SWAP/groups/upper/full,18,1111079797
moves/dmv/SWAP/groups/upper/full,19,1111251790
moves/dmv/SWAP/groups/upper/full,20,1144158364
moves/dmv/SWAP/groups/upper/full,21,1140751940
moves/dmv/SWAP/groups/upper/full,22,1120100723
moves/dmv/SWAP/groups/upper/full,23,1101779847
moves/dmv/SWAP/groups/upper/full,24,1097372260
moves/dmv/SWAP/groups/upper/full,25,1093717851
moves/dmv/SWAP/groups/upper/full,26,1102865493
moves/dmv/SWAP/groups/upper/full,27,1059789402
moves/dmv/SWAP/groups/upper/full,28,1064832476
moves/dmv/SWAP/groups/upper/full,29,1058263920
moves/dmv/SWAP/groups/upper/incremental,0,619011338
moves/dmv/SWAP/groups/upper/incremental,1,623393083
moves/dmv/SWAP/groups/upper/incremental,2,616970501
moves/dmv/SWAP/groups/upper/incremental,3,626848595
moves/dmv/SWAP/groups/upper/incremental,4,627471406
moves/dmv/SWAP/groups/upper/incremental,5,617555270
moves/dmv/SWAP/groups/upper/incremental,6,615972428
moves/dmv/SWAP/groups/upper/incremental,7,617621397
moves/dmv/SWAP/groups/upper/incremental,8,607820225
moves/dmv/SWAP/groups/upper/incremental,9,612658053
moves/dmv/SWAP/groups/upper/incremental,10,608627819
moves/dmv/SWAP/groups/upper/incremental,11,629199638
moves/dmv/SWAP/groups/upper/incremental,12,629466567
moves/dmv/SWAP/groups/upper/incremental,13,625444453
moves/dmv/SWAP/groups/upper/incremental,14,635512739
moves/dmv/SWAP/groups/upper/incremental,15,622649600
moves/dmv/SWAP/groups/upper/incremental,16,622580305
moves/dmv/SWAP/groups/upper/incremental,17,624115111
moves/dmv/SWAP/groups/upper/incremental,18,622804962
moves/dmv/SWAP/groups/upper/incremental,19,639955991
moves/dmv/SWAP/groups/upper/incremental,20,607128614
moves/dmv/SWAP/groups/upper/incremental,21,620820686
moves/dmv/SWAP/groups/upper/incremental,22,603352198
moves/dmv/SWAP/groups/upper/incremental,23,619343778
moves/dmv/SWAP/groups/upper/incremental,24,609457877
moves/dmv/SWAP/groups/upper/incremental,25,610183906
moves/dmv/SWAP/groups/upper/incremental,26,611694046
moves/dmv/SWAP/groups/upper/incremental,27,607100066
moves/dmv/SWAP/groups/upper/incremental,28,627764754
moves/dmv/SWAP/groups/upper/incremental,29,639842368
moves/dmv/SWAP/groups/pooled/full,0,1068730658
moves/dmv/SWAP/groups/pooled/full,1,1081992384
moves/dmv/SWAP/groups/pooled/full,2,1114227184
moves/dmv/SWAP/groups/pooled/full,3,1114140897
moves/dmv/SWAP/groups/pooled/full,4,1127626764
moves/dmv/SWAP/groups/pooled/full,5,1118400245
moves/dmv/SWAP/groups/pooled/full,6,1102444906
moves/dmv/SWAP/groups/pooled/full,7,1111782467
moves/dmv/SWAP/groups/pooled/full,8,1098385154
moves/dmv/SWAP/groups/pooled/full,9,1106012623
moves/dmv/SWAP/groups/pooled/full,10,1101443772
moves/dmv/SWAP/groups/pooled/full,11,1119096893
moves/dmv/SWAP/groups/pooled/full,12,1141800265
moves/dmv/SWAP/groups/pooled/full,13,1129634543
moves/dmv/SWAP/groups/pooled/full,14,1144966851
moves/dmv/SWAP/groups/pooled/full,15,1123529705
moves/dmv/SWAP/groups/pooled/full,16,1128112708
moves/dmv/SWAP/groups/pooled/full,17,1141938766
moves/dmv/SWAP/groups/pooled/full,18,1075256045
moves/dmv/SWAP/groups/pooled/full,19,1095617489
moves/dmv/SWAP/groups/pooled/full,20,1100110755
moves/dmv/SWAP/groups/pooled/full,21,1138042448
moves/dmv/SWAP/groups/pooled/full,22,1074825435
moves/dmv/SWAP/groups/pooled/full,23,1081990213
moves/dmv/SWAP/groups/pooled/full,24,1085744585
moves/dmv/SWAP/groups/pooled/full,25,1087587328
moves/dmv/SWAP/groups/pooled/full,26,1126717157
moves/dmv/SWAP/groups/pooled/full,27,1117533626
moves/dmv/SWAP/groups/pooled/full,28,1125347466
moves/dmv/SWAP/groups/pooled/full,29,1132856475
moves/dmv/SWAP/groups/pooled/incremental,0,562971036
moves/dmv/SWAP/groups/pooled/incremental,1,567023521
moves/dmv/SWAP/groups/pooled/incremental,2,579414185
moves/dmv/SWAP/groups/pooled/incremental,3,579504646
moves/dmv/SWAP/groups/pooled/incremental,4,586001386
moves/dmv/SWAP/groups/pooled/incremental,5,584514432
moves/dmv/SWAP/groups/pooled/incremental,6,579133686
moves/dmv/SWAP/groups/pooled/incremental,7,595650058
moves/dmv/SWAP/groups/pooled/incremental,8,574030303
moves/dmv/SWAP/groups/pooled/incremental,9,562192537
moves/dmv/SWAP/groups/pooled/incremental,10,570404243
moves/dmv/SWAP/groups/pooled/incremental,11,575590939
moves/dmv/SWAP/groups/pooled/incremental,12,565589989
moves/dmv/SWAP/groups/pooled/incremental,13,584556676
moves/dmv/SWAP/groups/pooled/incremental,14,585834975
moves/dmv/SWAP/groups/pooled/incremental,15,616341123
moves/dmv/SWAP/groups/pooled/incremental,16,617013086
moves/dmv/SWAP/groups/pooled/incremental,17,581407327
moves/dmv/SWAP/groups/pooled/incremental,18,592676011
moves/dmv/SWAP/groups/pooled/incremental,19,596063532
moves/dmv/SWAP/groups/pooled/incremental,20,563698588
moves/dmv/SWAP/groups/pooled/incremental,21,564614794
moves/dmv/SWAP/groups/pooled/incremental,22,567212752
moves/dmv/SWAP/groups/pooled/incremental,23,565269571
moves/dmv/SWAP/groups/pooled/incremental,24,581574617
moves/dmv/SWAP/groups/pooled/incremental,25,555703613
moves/dmv/SWAP/groups/pooled/incremental,26,581388599
moves/dmv/SWAP/groups/pooled/incremental,27,591114499
moves/dmv/SWAP/groups/pooled/incremental,28,589610880
moves/dmv/SWAP/groups/pooled/incremental,29,578735935
trajectory/full,0,179230023
trajectory/full,1,178308837
trajectory/full,2,179229878
trajectory/full,3,181358321
trajectory/full,4,179838498
trajectory/full,5,178736237
trajectory/full,6,181133373
trajectory/full,7,181349842
trajectory/full,8,177173301
trajectory/full,9,178566000
trajectory/full,10,181967431
trajectory/full,11,179012391
trajectory/full,12,177197815
trajectory/full,13,180063229
trajectory/full,14,181174102
trajectory/full,15,180588371
trajectory/full,16,180729328
trajectory/full,17,179979835
trajectory/full,18,179345805
trajectory/full,19,177514395
trajectory/full,20,178554986
trajectory/full,21,180158972
trajectory/full,22,183302544
trajectory/full,23,203585628
trajectory/full,24,199137398
trajectory/full,25,196754288
trajectory/full,26,191017049
trajectory/full,27,202228089
trajectory/full,28,189543327
trajectory/full,29,190328881
trajectory/incremental,0,131293609
trajectory/incremental,1,128821812
trajectory/incremental,2,141582656
trajectory/incremental,3,135087644
trajectory/incremental,4,129155398
trajectory/incremental,5,129611819
trajectory/incremental,6,128084300
trajectory/incremental,7,127268380
trajectory/incremental,8,126581648
trajectory/incremental,9,128179754
trajectory/incremental,10,131014090
trajectory/incremental,11,130103994
trajectory/incremental,12,128841435
trajectory/incremental,13,127428696
trajectory/incremental,14,128358729
trajectory/incremental,15,127757747
trajectory/incremental,16,134983411
trajectory/incremental,17,136323399
trajectory/incremental,18,132433606
trajectory/incremental,19,127769936
trajectory/incremental,20,127654994
trajectory/incremental,21,127516420
trajectory/incremental,22,126348731
trajectory/incremental,23,127853224
trajectory/incremental,24,127840178
trajectory/incremental,25,128621701
trajectory/incremental,26,135272735
trajectory/incremental,27,135656053
trajectory/incremental,28,126741893
trajectory/incremental,29,125799281
