candidate_id,mechanism,columns,arity,relation,frozen_payload_available,oid_rank,n,mean_seconds,median_seconds,sd_seconds,se_seconds,ci95_low_seconds,ci95_high_seconds,ci95_half_width_seconds,min_seconds,max_seconds,repeatability_pass
mcv:county:scofflaw_indicator,mcv,"['county', 'scofflaw_indicator']",2,dmv,True,12,21,0.0022469998095238073,0.005775380999999982,0.03237438097263847,0.007064669113545422,-0.012489638568574742,0.016983638187622357,0.014736638378098549,-0.134639047,0.034482164999999995,False
fd:body_type:registration_class,fd,"['body_type', 'registration_class']",2,dmv,True,3,21,0.00958718133333333,0.006770434999999991,0.008325030574645028,0.0018166706081491695,0.0057976736615466635,0.013376689005119995,0.0037895076717866663,-0.00035953999999999153,0.027921927999999985,True
mcv:fuel_type:state,mcv,"['fuel_type', 'state']",2,dmv,True,19,21,0.004236779809523812,0.00503199700000001,0.004940000091070226,0.001077996397638955,0.0019881192099156643,0.0064854404091319595,0.002248660599608148,-0.008077094999999979,0.01002380700000001,False
mcv:body_type:county,mcv,"['body_type', 'county']",2,dmv,True,0,21,0.008111864809523809,0.00695917900000001,0.009576463354770297,0.0020897556292002683,0.00375271188797033,0.012471017731077288,0.004359152921553479,-0.015999879000000022,0.03396581800000001,False
fd:revocation_indicator:scofflaw_indicator,fd,"['revocation_indicator', 'scofflaw_indicator']",2,dmv,True,30,21,0.00412519014285714,0.004857613999999982,0.012510524236668657,0.0027300202046720836,-0.0015695309933412534,0.009819911279055533,0.0056947211361983935,-0.019452313,0.046057678000000005,False
fd:fuel_type:revocation_indicator,fd,"['fuel_type', 'revocation_indicator']",2,dmv,True,17,21,0.0027185995714285724,0.005067722000000011,0.013828106146700806,0.0030175401492924083,-0.003575877531009868,0.009013076673867013,0.00629447710243844,-0.024570493,0.034486323999999985,False
fd:fuel_type:scofflaw_indicator,fd,"['fuel_type', 'scofflaw_indicator']",2,dmv,True,18,21,0.007582052285714284,0.0077828450000000104,0.011327955393522347,0.0024719625266618776,0.002425629917711094,0.012738474653717476,0.00515642236800319,-0.025571511000000005,0.029395537,False
fd:body_type:state,fd,"['body_type', 'state']",2,dmv,True,6,21,0.013308650714285714,0.008197962000000003,0.012385327210935635,0.002702699973852802,0.0076709185687278015,0.018946382859843625,0.005637732145557912,-0.008957982000000003,0.045134941,True
mcv:fuel_type:revocation_indicator,mcv,"['fuel_type', 'revocation_indicator']",2,dmv,True,17,21,0.00843387304761905,0.007974436999999987,0.01352363315110658,0.002951098694560004,0.0022779903614185814,0.01458975573381952,0.006155882686200469,-0.024834284999999984,0.027898916999999995,False
mcv:registration_class:suspension_indicator,mcv,"['registration_class', 'suspension_indicator']",2,dmv,True,29,21,0.005945894095238096,0.006221983999999986,0.00869236430533463,0.0018968293998727706,0.0019891781497912916,0.0099026100406849,0.003956715945446805,-0.009019494000000003,0.027853616999999997,False
mcv:county:registration_class,mcv,"['county', 'registration_class']",2,dmv,True,10,21,0.004769760761904761,0.005919705999999997,0.005330002124021359,0.001163101818457299,0.0023435734033701184,0.007195948120439404,0.0024261873585346427,-0.005468331999999992,0.012136820000000006,False
fd:record_type:suspension_indicator,fd,"['record_type', 'suspension_indicator']",2,dmv,True,25,21,0.0055509220000000015,0.00496982,0.007699276593351895,0.0016801198945446093,0.0020462540644160445,0.009055589935583959,0.003504667935583957,-0.004197784999999982,0.03366322599999999,False
mcv:county:revocation_indicator,mcv,"['county', 'revocation_indicator']",2,dmv,True,11,21,0.009593673047619052,0.006094886999999993,0.012405490148729166,0.002707099887599066,0.003946762844783241,0.015240583250454862,0.00564691020283581,-0.022539967999999994,0.036765100999999994,False
fd:body_type:county,fd,"['body_type', 'county']",2,dmv,True,0,21,0.015636238380952378,0.012734807999999986,0.010907299029666548,0.002380167782426921,0.01067129645301777,0.020601180308886986,0.004964941927934607,0.0035204249999999937,0.047239205000000006,True
fd:county:revocation_indicator,fd,"['county', 'revocation_indicator']",2,dmv,True,11,21,0.008279945,0.010719003000000005,0.007701537417039764,0.0016806132467199716,0.004774247950032269,0.011785642049967732,0.003505697049967732,-0.008481318999999987,0.017585295999999986,True
fd:registration_class:scofflaw_indicator,fd,"['registration_class', 'scofflaw_indicator']",2,dmv,True,27,21,0.002385111857142856,0.003971990999999994,0.00996400795522365,0.0021743247942835496,-0.00215044921371524,0.006920672928000951,0.004535561070858096,-0.02431483200000001,0.017599510999999998,False
fd:body_type:revocation_indicator,fd,"['body_type', 'revocation_indicator']",2,dmv,True,4,21,0.005756494428571427,0.00563403799999998,0.010436067876758872,0.002277336714425934,0.0010060543037373627,0.01050693455340549,0.004750440124834064,-0.014136388,0.042468239000000005,False
mcv:record_type:state,mcv,"['record_type', 'state']",2,dmv,True,24,21,0.001114954714285714,0.001412584999999994,0.0040879675560788285,0.0008920676554407079,-0.0007458654084603513,0.0029757748370317794,0.0018608201227460653,-0.006840858999999991,0.008201401999999997,False
fd:state:suspension_indicator,fd,"['state', 'suspension_indicator']",2,dmv,True,35,21,0.0043159073333333305,0.004126012999999998,0.004255894631343116,0.0009287123475183814,0.002378647738766845,0.006253166927899816,0.0019372595945664854,-0.0028565440000000164,0.011371304999999984,True
mcv:registration_class:state,mcv,"['registration_class', 'state']",2,dmv,True,28,21,0.00200645214285714,0.0021869529999999915,0.002758446008251829,0.000601942268250609,0.000750822843150295,0.0032620814425639846,0.001255629299706845,-0.002211458999999999,0.006545840000000011,False
mcv:record_type:scofflaw_indicator,mcv,"['record_type', 'scofflaw_indicator']",2,dmv,True,23,21,0.0014874553809523813,0.0010127469999999944,0.0045295571822562665,0.000988430412015249,-0.0005743738865861836,0.0035492846484909465,0.002061829267538565,-0.008994668000000011,0.008687149000000005,False
fd:revocation_indicator:state,fd,"['revocation_indicator', 'state']",2,dmv,True,31,21,0.0046087836190476196,0.004644497000000011,0.0035455585845563533,0.0007737043140299989,0.002994865047040661,0.0062227021910545785,0.0016139185720069585,-0.0009368210000000043,0.011572711000000013,True
fd:body_type:suspension_indicator,fd,"['body_type', 'suspension_indicator']",2,dmv,True,7,21,0.005554112285714284,0.006380352000000006,0.003909869201880033,0.0008532034083329442,0.0037743615444578707,0.007333863026970697,0.0017797507412564133,-0.0017972189999999888,0.011772445999999992,True
mcv:record_type:registration_class,mcv,"['record_type', 'registration_class']",2,dmv,True,21,21,0.003619083380952381,0.0026213100000000017,0.004019760847962008,0.0008771837314955131,0.0017893105728508062,0.005448856189053956,0.001829772808101575,-0.005257839,0.010320230000000014,False
mcv:body_type:record_type,mcv,"['body_type', 'record_type']",2,dmv,True,2,21,0.003596158428571429,0.002832899,0.0035565352776781452,0.0007760996248448042,0.001977243326831287,0.005215073530311571,0.0016189151017401422,-0.0028235280000000057,0.01048527199999999,True
fd:body_type:scofflaw_indicator,fd,"['body_type', 'scofflaw_indicator']",2,dmv,True,5,21,0.005205252714285714,0.004658153999999998,0.005764292277191565,0.0012578716994323675,0.0025813788905226748,0.007829126538048754,0.0026238738237630396,-0.006190294000000013,0.015416780000000005,False
fd:revocation_indicator:suspension_indicator,fd,"['revocation_indicator', 'suspension_indicator']",2,dmv,True,32,21,0.004189423285714286,0.003406582000000019,0.004917002140409988,0.0010729778333661262,0.0019512312254923812,0.0064276153459361905,0.0022381920602219047,-0.005917433999999999,0.014971499999999985,False
mcv:revocation_indicator:scofflaw_indicator,mcv,"['revocation_indicator', 'scofflaw_indicator']",2,dmv,True,30,21,0.0033486636190476213,0.002289308000000004,0.004796124768078074,0.0010466002281985856,0.001165494267233815,0.005531832970861428,0.0021831693518138064,-0.0018945690000000126,0.016163982000000007,False
mcv:registration_class:revocation_indicator,mcv,"['registration_class', 'revocation_indicator']",2,dmv,True,26,21,0.0034031742380952394,0.003611318000000016,0.0037433125033464695,0.0008168577569742778,0.0016992391807839039,0.0051071092954065745,0.0017039350573113355,-0.0034515410000000024,0.010882325000000012,False
mcv:county:fuel_type,mcv,"['county', 'fuel_type']",2,dmv,True,8,21,0.005605271809523811,0.005818470000000006,0.004107009339214408,0.0008962229131828853,0.0037357839728721,0.007474759646175522,0.001869487836651711,0.00012977000000000127,0.013183202000000005,True
mcv:scofflaw_indicator:state,mcv,"['scofflaw_indicator', 'state']",2,dmv,True,33,21,0.0045474518571428585,0.0035044079999999866,0.009636965683136284,0.002102958319650659,0.00016075861180941085,0.008934145102476306,0.004386693245333448,-0.011331365999999982,0.028978790000000004,False
mcv:body_type:revocation_indicator,mcv,"['body_type', 'revocation_indicator']",2,dmv,True,4,21,0.00543457923809524,0.0058340610000000015,0.00474057380640824,0.001034478014542414,0.003276696375446302,0.007592462100744178,0.002157882862648938,-0.0027999789999999802,0.012234505999999992,True
mcv:body_type:state,mcv,"['body_type', 'state']",2,dmv,True,6,21,0.007092700571428573,0.008140749000000003,0.005125729087915173,0.0011185257874861067,0.004759497164186692,0.009425903978670455,0.0023332034072418815,-0.0023954239999999793,0.016403449999999986,True
fd:record_type:registration_class,fd,"['record_type', 'registration_class']",2,dmv,True,21,21,0.0029038537142857127,0.004614527999999993,0.0058141259345074175,0.0012687462949945764,0.0002572958865399411,0.005550411542031484,0.0026465578277457716,-0.008442841000000006,0.015104515999999998,False
mcv:fuel_type:record_type,mcv,"['fuel_type', 'record_type']",2,dmv,True,15,21,0.0031196602380952378,0.00244878300000001,0.00621243688740548,0.0013556648707938792,0.00029179347721942526,0.00594752699897105,0.0028278667608758125,-0.008873043000000011,0.02270626499999999,False
mcv:fuel_type:registration_class,mcv,"['fuel_type', 'registration_class']",2,dmv,True,16,21,0.00246938404761905,0.002457926000000027,0.003578766196031975,0.0007809508089459856,0.000840349555337655,0.004098418539900445,0.001629034492281395,-0.003952662999999995,0.010216103000000004,False
fd:record_type:scofflaw_indicator,fd,"['record_type', 'scofflaw_indicator']",2,dmv,True,23,21,0.0037086891428571465,0.003624879999999997,0.003815565350739194,0.0008326246208958612,0.001971864990779353,0.00544551329493494,0.0017368241520777934,-0.0014212639999999777,0.009907468999999988,True
mcv:county:suspension_indicator,mcv,"['county', 'suspension_indicator']",2,dmv,True,14,21,0.00410562090476191,0.004704208000000015,0.003344505076415686,0.0007298308416589975,0.0025832207728023826,0.005628021036721438,0.0015224001319595274,-0.0025338889999999836,0.011255475000000015,True
mcv:fuel_type:scofflaw_indicator,mcv,"['fuel_type', 'scofflaw_indicator']",2,dmv,True,18,21,0.0011057818095238092,0.0013937680000000174,0.005642203081855755,0.001231229652805577,-0.0014625176907314707,0.003674081309779089,0.00256829950025528,-0.013481376000000017,0.012231947999999992,False
mcv:fuel_type:suspension_indicator,mcv,"['fuel_type', 'suspension_indicator']",2,dmv,True,20,21,0.004467222047619048,0.005765254999999983,0.0036148543136848604,0.0007888258818427865,0.002821760444652624,0.0061126836505854725,0.0016454616029664244,-0.002023155999999998,0.009015415999999998,True
fd:record_type:state,fd,"['record_type', 'state']",2,dmv,True,24,21,0.004492786,0.004167528999999989,0.004811682965099695,0.0010499953051285196,0.002302534643328198,0.0066830373566718025,0.002190251356671802,-0.005941847,0.015651293999999996,True
fd:body_type:record_type,fd,"['body_type', 'record_type']",2,dmv,True,2,21,0.007669239333333337,0.007886571999999994,0.004887623659412626,0.0010665669232245438,0.0054444201944630986,0.009894058472203576,0.002224819138870239,-0.0029023269999999823,0.015537649,True
fd:record_type:revocation_indicator,fd,"['record_type', 'revocation_indicator']",2,dmv,True,22,21,0.004074833857142858,0.003557144000000012,0.004203596799552787,0.000917300025001179,0.002161379945091324,0.005988287769194392,0.0019134539120515344,-0.0028334630000000083,0.012149751,True
mcv:record_type:revocation_indicator,mcv,"['record_type', 'revocation_indicator']",2,dmv,True,22,21,0.002186954095238098,0.0021712120000000057,0.0037600493644569057,0.00082051003949497,0.0004754005117230517,0.003898507678753144,0.0017115535835150462,-0.004140871000000004,0.009785799999999997,False
mcv:registration_class:scofflaw_indicator,mcv,"['registration_class', 'scofflaw_indicator']",2,dmv,True,27,21,0.001245482666666666,0.0015774200000000238,0.005121797540029859,0.0011176678534012116,-0.0010859311218176858,0.0035768964551510176,0.0023314137884843517,-0.009068743000000004,0.008982417999999992,False
fd:county:scofflaw_indicator,fd,"['county', 'scofflaw_indicator']",2,dmv,True,12,21,0.007843650666666665,0.007421727000000017,0.00613495904649979,0.0013387578198113996,0.005051051388579419,0.010636249944753911,0.0027925992780872466,-0.004115850000000004,0.019773506999999996,True
mcv:body_type:suspension_indicator,mcv,"['body_type', 'suspension_indicator']",2,dmv,True,7,21,0.005300344952380953,0.0036239490000000013,0.005750507300897178,0.0012548635709884533,0.002682745973251166,0.00791794393151074,0.002617598979129787,-0.0029067750000000003,0.014558547000000005,True
mcv:county:state,mcv,"['county', 'state']",2,dmv,True,13,21,0.006083421238095238,0.006780428000000005,0.006090102229235862,0.001328969259785364,0.003311240534045581,0.008855601942144894,0.002772180704049657,-0.006847507000000003,0.015808814000000004,True
fd:registration_class:suspension_indicator,fd,"['registration_class', 'suspension_indicator']",2,dmv,True,29,21,0.002667962428571431,0.0036376660000000116,0.0057341824746314305,0.0012513012018422727,5.7794419672917846e-05,0.005278130437469944,0.002610168008898513,-0.008807503999999994,0.010100612000000009,False
mcv:state:suspension_indicator,mcv,"['state', 'suspension_indicator']",2,dmv,True,35,21,0.0033109409047619048,0.0035669950000000172,0.0070082045146659345,0.0015293156035327572,0.000120845140469904,0.006501036669053906,0.0031900957642920008,-0.006718531,0.024586044,False
mcv:scofflaw_indicator:suspension_indicator,mcv,"['scofflaw_indicator', 'suspension_indicator']",2,dmv,True,34,21,0.0006846040952380979,0.0013054950000000037,0.005332248412328431,0.0011635919987525304,-0.0017426057612557268,0.0031118139517319226,0.0024272098564938247,-0.008314134,0.00968564899999999,False
fd:fuel_type:registration_class,fd,"['fuel_type', 'registration_class']",2,dmv,True,16,21,0.003812721285714283,0.004903024000000006,0.007760108939238068,0.0016933946007219962,0.0002803628042084257,0.007345079767220141,0.0035323584815058575,-0.01886681400000001,0.01234301900000001,False
fd:registration_class:state,fd,"['registration_class', 'state']",2,dmv,True,28,21,0.00570295238095238,0.0031216669999999946,0.010442416963153673,0.002278722198663933,0.0009496221872607666,0.010456282574643993,0.004753330193691613,-0.007174210999999986,0.040456746000000016,False
fd:fuel_type:state,fd,"['fuel_type', 'state']",2,dmv,True,19,21,0.0046115215714285646,0.00428024099999999,0.009044775146674703,0.001973731750166292,0.0004943901686564351,0.008728652974200694,0.0041171314027721295,-0.019040359000000007,0.021914720999999998,False
fd:registration_class:revocation_indicator,fd,"['registration_class', 'revocation_indicator']",2,dmv,True,26,21,0.003065957714285714,0.0025540960000000057,0.006339248748507594,0.0013833374875804822,0.00018036689867986875,0.0059515485298915595,0.0028855908156058454,-0.009651653999999982,0.013062862000000008,False
fd:county:state,fd,"['county', 'state']",2,dmv,True,13,21,0.009101472904761904,0.0077857169999999976,0.005715472978196538,0.0012472184550028726,0.006499821354708746,0.011703124454815061,0.002601651550053157,0.0020799920000000027,0.024668120000000016,True
fd:county:suspension_indicator,fd,"['county', 'suspension_indicator']",2,dmv,True,14,21,0.009843386285714288,0.01021702599999999,0.008013920169801849,0.0017487807519738253,0.0061954943419847116,0.013491278229443866,0.0036478919437295766,-0.007353060999999994,0.023690056999999987,True
mcv:body_type:registration_class,mcv,"['body_type', 'registration_class']",2,dmv,True,3,21,0.003422358857142853,0.004372259999999989,0.006709083796832077,0.0014640421115611772,0.00036842118198436536,0.006476296532301341,0.0030539376751584878,-0.008096933,0.020580400999999998,False
mcv:body_type:scofflaw_indicator,mcv,"['body_type', 'scofflaw_indicator']",2,dmv,True,5,21,0.003953739714285713,0.004942145000000009,0.004119906572538957,0.0008990373202288497,0.0020783811286691815,0.005829098299902245,0.001875358585616532,-0.002640646999999996,0.011880309999999991,True
fd:county:registration_class,fd,"['county', 'registration_class']",2,dmv,True,10,21,0.012755352809523814,0.012422536000000012,0.004729652589341484,0.0010320948095952972,0.01060244122421598,0.014908264394831647,0.0021529115853078347,0.0017590190000000006,0.01912718300000002,True
fd:scofflaw_indicator:suspension_indicator,fd,"['scofflaw_indicator', 'suspension_indicator']",2,dmv,True,34,21,0.006061468619047625,0.0057059590000000104,0.005889068468737712,0.0012851000967032497,0.0033807973660282243,0.008742139872067026,0.002680671253019401,-0.007115669999999991,0.01472689200000002,True
mcv:revocation_indicator:state,mcv,"['revocation_indicator', 'state']",2,dmv,True,31,21,0.004969555619047623,0.003000928,0.0084897835638831,0.0018526226578707747,0.001105053301767528,0.008834057936327718,0.0038645023172800947,-0.0066265169999999984,0.029376995000000017,False
fd:county:fuel_type,fd,"['county', 'fuel_type']",2,dmv,True,8,21,0.007679108809523809,0.0069790089999999805,0.007986653653087058,0.0017428307102222392,0.0040436284327364964,0.011314589186311121,0.0036354803767873127,-0.010818333000000013,0.031117070000000024,True
mcv:record_type:suspension_indicator,mcv,"['record_type', 'suspension_indicator']",2,dmv,True,25,21,0.005136636,0.003959868000000005,0.009002772583665929,0.001964566039482013,0.0010386239305839812,0.00923464806941602,0.004098012069416019,-0.016254357000000025,0.030247800000000005,False
mcv:body_type:fuel_type,mcv,"['body_type', 'fuel_type']",2,dmv,True,1,21,0.0044677080476190475,0.0033333390000000046,0.00925328278529062,0.0020192318471631467,0.0002556651260150686,0.008679750969223026,0.004212042921603979,-0.016781099999999993,0.025985439,False
fd:scofflaw_indicator:state,fd,"['scofflaw_indicator', 'state']",2,dmv,True,33,21,0.0054250197142857145,0.006879736999999983,0.005605378333176057,0.0012231938338402228,0.0028734826350668616,0.007976556793504567,0.002551537079218853,-0.003513052999999988,0.015642431999999984,True
mcv:revocation_indicator:suspension_indicator,mcv,"['revocation_indicator', 'suspension_indicator']",2,dmv,True,32,21,0.0029172028571428595,0.0023312149999999976,0.014518244698167527,0.0031681407279639997,-0.0036914214801831093,0.009525827194468829,0.006608624337325969,-0.03650456400000002,0.039704285000000006,False
fd:body_type:fuel_type,fd,"['body_type', 'fuel_type']",2,dmv,True,1,21,-0.0014611914285714244,0.0038836460000000045,0.014266116421813142,0.0031131218274291087,-0.007955048375080931,0.005032665517938082,0.006493856946509506,-0.032476429,0.020001141,False
mcv:county:record_type,mcv,"['county', 'record_type']",2,dmv,True,9,21,0.0063780345714285714,0.0055848629999999955,0.008372723454241131,0.0018270780477139103,0.00256681736578512,0.010189251777072023,0.0038112172056434515,-0.005413163999999998,0.034515465999999995,False
fd:fuel_type:suspension_indicator,fd,"['fuel_type', 'suspension_indicator']",2,dmv,True,20,21,0.0016141699523809531,0.003288990999999991,0.015613776885387884,0.0034072054505448483,-0.00549313455085393,0.008721474455615837,0.0071073045032348835,-0.038203387000000005,0.034857523,False
fd:fuel_type:record_type,fd,"['fuel_type', 'record_type']",2,dmv,True,15,21,0.004135935190476191,0.003913463000000006,0.0065311493672764636,0.0014252136357432064,0.0011629922792203845,0.007108878101731997,0.002972942911255806,-0.007020195000000007,0.023588023999999985,False
