neighborhood_size,candidate_count,candidate_ratio
3,1,0.0004438526409232135
6,5,0.0022192632046160675
10,7,0.0031069684864624943
11,1,0.0004438526409232135
12,1,0.0004438526409232135
15,16,0.007101642254771416
17,2,0.000887705281846427
19,2,0.000887705281846427
20,2,0.000887705281846427
21,22,0.009764758100310697
22,1,0.0004438526409232135
24,6,0.002663115845539281
27,1,0.0004438526409232135
28,24,0.010652463382157125
29,2,0.000887705281846427
30,6,0.002663115845539281
31,3,0.0013315579227696406
33,8,0.003550821127385708
35,8,0.003550821127385708
36,19,0.008433200177541057
37,9,0.0039946737683089215
38,3,0.0013315579227696406
39,7,0.0031069684864624943
40,5,0.0022192632046160675
41,4,0.001775410563692854
42,8,0.003550821127385708
44,4,0.001775410563692854
45,25,0.011096316023080338
46,6,0.002663115845539281
47,2,0.000887705281846427
48,15,0.006657789613848202
49,2,0.000887705281846427
50,6,0.002663115845539281
51,5,0.0022192632046160675
52,1,0.0004438526409232135
53,7,0.0031069684864624943
54,14,0.006213936972924989
55,22,0.009764758100310697
56,4,0.001775410563692854
57,10,0.004438526409232135
58,2,0.000887705281846427
59,10,0.004438526409232135
60,9,0.0039946737683089215
61,11,0.004882379050155349
62,12,0.005326231691078562
63,25,0.011096316023080338
64,10,0.004438526409232135
65,10,0.004438526409232135
66,17,0.007545494895694629
67,11,0.004882379050155349
68,10,0.004438526409232135
69,9,0.0039946737683089215
70,12,0.005326231691078562
71,8,0.003550821127385708
72,20,0.00887705281846427
73,9,0.0039946737683089215
74,4,0.001775410563692854
75,15,0.006657789613848202
76,13,0.005770084332001775
77,11,0.004882379050155349
78,18,0.007989347536617843
79,9,0.0039946737683089215
80,17,0.007545494895694629
81,15,0.006657789613848202
82,12,0.005326231691078562
83,9,0.0039946737683089215
84,13,0.005770084332001775
85,5,0.0022192632046160675
86,9,0.0039946737683089215
87,11,0.004882379050155349
88,18,0.007989347536617843
89,12,0.005326231691078562
90,17,0.007545494895694629
91,8,0.003550821127385708
92,21,0.009320905459387484
93,10,0.004438526409232135
94,10,0.004438526409232135
95,10,0.004438526409232135
96,18,0.007989347536617843
97,13,0.005770084332001775
98,10,0.004438526409232135
99,13,0.005770084332001775
100,11,0.004882379050155349
101,8,0.003550821127385708
102,9,0.0039946737683089215
103,16,0.007101642254771416
104,10,0.004438526409232135
105,16,0.007101642254771416
106,10,0.004438526409232135
107,19,0.008433200177541057
108,22,0.009764758100310697
109,16,0.007101642254771416
110,13,0.005770084332001775
111,20,0.00887705281846427
112,10,0.004438526409232135
113,14,0.006213936972924989
114,11,0.004882379050155349
115,17,0.007545494895694629
116,3,0.0013315579227696406
117,15,0.006657789613848202
118,19,0.008433200177541057
119,11,0.004882379050155349
120,11,0.004882379050155349
121,12,0.005326231691078562
122,13,0.005770084332001775
123,10,0.004438526409232135
124,13,0.005770084332001775
125,13,0.005770084332001775
126,13,0.005770084332001775
127,14,0.006213936972924989
128,13,0.005770084332001775
129,19,0.008433200177541057
130,22,0.009764758100310697
131,13,0.005770084332001775
132,15,0.006657789613848202
133,26,0.01154016866400355
134,13,0.005770084332001775
135,11,0.004882379050155349
136,13,0.005770084332001775
137,12,0.005326231691078562
138,12,0.005326231691078562
139,12,0.005326231691078562
140,17,0.007545494895694629
141,13,0.005770084332001775
142,17,0.007545494895694629
143,17,0.007545494895694629
144,14,0.006213936972924989
145,13,0.005770084332001775
146,11,0.004882379050155349
147,15,0.006657789613848202
148,14,0.006213936972924989
149,9,0.0039946737683089215
150,14,0.006213936972924989
151,14,0.006213936972924989
152,13,0.005770084332001775
153,10,0.004438526409232135
154,13,0.005770084332001775
155,11,0.004882379050155349
156,11,0.004882379050155349
157,11,0.004882379050155349
158,15,0.006657789613848202
159,6,0.002663115845539281
160,16,0.007101642254771416
161,16,0.007101642254771416
162,14,0.006213936972924989
163,11,0.004882379050155349
164,12,0.005326231691078562
165,9,0.0039946737683089215
166,16,0.007101642254771416
167,7,0.0031069684864624943
168,13,0.005770084332001775
169,8,0.003550821127385708
170,10,0.004438526409232135
171,9,0.0039946737683089215
172,9,0.0039946737683089215
173,4,0.001775410563692854
174,12,0.005326231691078562
175,6,0.002663115845539281
176,11,0.004882379050155349
177,4,0.001775410563692854
178,4,0.001775410563692854
179,4,0.001775410563692854
180,7,0.0031069684864624943
181,13,0.005770084332001775
182,6,0.002663115845539281
183,8,0.003550821127385708
184,7,0.0031069684864624943
185,9,0.0039946737683089215
186,11,0.004882379050155349
187,8,0.003550821127385708
188,2,0.000887705281846427
189,7,0.0031069684864624943
190,7,0.0031069684864624943
191,5,0.0022192632046160675
192,6,0.002663115845539281
193,7,0.0031069684864624943
194,3,0.0013315579227696406
195,4,0.001775410563692854
196,12,0.005326231691078562
197,2,0.000887705281846427
198,3,0.0013315579227696406
199,7,0.0031069684864624943
201,5,0.0022192632046160675
202,6,0.002663115845539281
203,9,0.0039946737683089215
204,5,0.0022192632046160675
205,7,0.0031069684864624943
206,8,0.003550821127385708
207,4,0.001775410563692854
208,12,0.005326231691078562
209,3,0.0013315579227696406
210,5,0.0022192632046160675
211,9,0.0039946737683089215
212,6,0.002663115845539281
213,7,0.0031069684864624943
214,7,0.0031069684864624943
215,4,0.001775410563692854
216,5,0.0022192632046160675
217,2,0.000887705281846427
218,2,0.000887705281846427
219,4,0.001775410563692854
220,4,0.001775410563692854
221,6,0.002663115845539281
222,8,0.003550821127385708
223,2,0.000887705281846427
224,5,0.0022192632046160675
225,5,0.0022192632046160675
226,3,0.0013315579227696406
227,4,0.001775410563692854
228,3,0.0013315579227696406
229,2,0.000887705281846427
230,2,0.000887705281846427
231,3,0.0013315579227696406
232,3,0.0013315579227696406
233,7,0.0031069684864624943
234,2,0.000887705281846427
235,4,0.001775410563692854
236,3,0.0013315579227696406
237,5,0.0022192632046160675
238,5,0.0022192632046160675
239,3,0.0013315579227696406
240,5,0.0022192632046160675
242,5,0.0022192632046160675
243,3,0.0013315579227696406
244,2,0.000887705281846427
245,2,0.000887705281846427
246,7,0.0031069684864624943
247,3,0.0013315579227696406
248,2,0.000887705281846427
249,2,0.000887705281846427
251,1,0.0004438526409232135
252,1,0.0004438526409232135
253,2,0.000887705281846427
254,1,0.0004438526409232135
255,3,0.0013315579227696406
256,1,0.0004438526409232135
258,2,0.000887705281846427
259,2,0.000887705281846427
260,2,0.000887705281846427
261,4,0.001775410563692854
262,1,0.0004438526409232135
263,3,0.0013315579227696406
264,2,0.000887705281846427
265,2,0.000887705281846427
266,4,0.001775410563692854
267,2,0.000887705281846427
268,1,0.0004438526409232135
269,2,0.000887705281846427
270,3,0.0013315579227696406
271,3,0.0013315579227696406
275,1,0.0004438526409232135
276,2,0.000887705281846427
277,2,0.000887705281846427
278,1,0.0004438526409232135
279,2,0.000887705281846427
280,1,0.0004438526409232135
282,1,0.0004438526409232135
283,4,0.001775410563692854
284,5,0.0022192632046160675
287,2,0.000887705281846427
288,1,0.0004438526409232135
290,1,0.0004438526409232135
292,1,0.0004438526409232135
293,1,0.0004438526409232135
295,1,0.0004438526409232135
296,1,0.0004438526409232135
302,1,0.0004438526409232135
303,1,0.0004438526409232135
305,1,0.0004438526409232135
306,1,0.0004438526409232135
307,1,0.0004438526409232135
315,1,0.0004438526409232135
316,1,0.0004438526409232135
317,1,0.0004438526409232135
318,1,0.0004438526409232135
322,1,0.0004438526409232135
323,1,0.0004438526409232135
324,2,0.000887705281846427
332,1,0.0004438526409232135
334,2,0.000887705281846427
342,1,0.0004438526409232135
351,1,0.0004438526409232135
361,1,0.0004438526409232135
363,1,0.0004438526409232135
365,1,0.0004438526409232135
374,1,0.0004438526409232135
380,1,0.0004438526409232135
382,1,0.0004438526409232135
409,1,0.0004438526409232135
