configuration_order,configuration,kind,subset,n_mcv,n_fd,n_total,repetition,seconds
0,EMPTY,empty,0,0,0,0,1,0.2535606750025181
0,EMPTY,empty,0,0,0,0,2,0.24069083499489352
0,EMPTY,empty,0,0,0,0,3,0.23858755100081908
0,EMPTY,empty,0,0,0,0,4,0.23820321200037142
0,EMPTY,empty,0,0,0,0,5,0.23358146200189367
0,EMPTY,empty,0,0,0,0,6,0.22918081199895823
0,EMPTY,empty,0,0,0,0,7,0.23079062099714065
0,EMPTY,empty,0,0,0,0,8,0.23570563399698585
0,EMPTY,empty,0,0,0,0,9,0.2332531200008816
0,EMPTY,empty,0,0,0,0,10,0.22755183100525755
1,MCV_2000_S2,mcv,2,2000,0,2000,1,4.093252778999158
1,MCV_2000_S2,mcv,2,2000,0,2000,2,4.000400097997044
1,MCV_2000_S2,mcv,2,2000,0,2000,3,3.8435832550021587
1,MCV_2000_S2,mcv,2,2000,0,2000,4,3.872455754004477
1,MCV_2000_S2,mcv,2,2000,0,2000,5,3.6390842459950363
1,MCV_2000_S2,mcv,2,2000,0,2000,6,3.747728795999137
1,MCV_2000_S2,mcv,2,2000,0,2000,7,3.70998510899517
1,MCV_2000_S2,mcv,2,2000,0,2000,8,3.912204929998552
1,MCV_2000_S2,mcv,2,2000,0,2000,9,3.840270575004979
1,MCV_2000_S2,mcv,2,2000,0,2000,10,3.7834781159981503
2,FD_50_S0,fd,0,0,50,50,1,0.3786993270041421
2,FD_50_S0,fd,0,0,50,50,2,0.36307766800018726
2,FD_50_S0,fd,0,0,50,50,3,0.37633430099958787
2,FD_50_S0,fd,0,0,50,50,4,0.4025501970027108
2,FD_50_S0,fd,0,0,50,50,5,0.3693611359994975
2,FD_50_S0,fd,0,0,50,50,6,0.37005864099774044
2,FD_50_S0,fd,0,0,50,50,7,0.36464744900149526
2,FD_50_S0,fd,0,0,50,50,8,0.3754428679967532
2,FD_50_S0,fd,0,0,50,50,9,0.36753876200236846
2,FD_50_S0,fd,0,0,50,50,10,0.39964916899771197
3,MCV_1000_S2,mcv,2,1000,0,1000,1,2.0269185729994206
3,MCV_1000_S2,mcv,2,1000,0,1000,2,2.0153796980011975
3,MCV_1000_S2,mcv,2,1000,0,1000,3,2.0373326539993286
3,MCV_1000_S2,mcv,2,1000,0,1000,4,2.0329764950001845
3,MCV_1000_S2,mcv,2,1000,0,1000,5,2.5771689499961212
3,MCV_1000_S2,mcv,2,1000,0,1000,6,2.2295865600026445
3,MCV_1000_S2,mcv,2,1000,0,1000,7,2.0556295470014447
3,MCV_1000_S2,mcv,2,1000,0,1000,8,2.5223157459986396
3,MCV_1000_S2,mcv,2,1000,0,1000,9,2.258393887001148
3,MCV_1000_S2,mcv,2,1000,0,1000,10,2.045941304000735
4,FD_500_S1,fd,1,0,500,500,1,1.6150560690002749
4,FD_500_S1,fd,1,0,500,500,2,1.5906141359955654
4,FD_500_S1,fd,1,0,500,500,3,1.5727736019980512
4,FD_500_S1,fd,1,0,500,500,4,1.6186544929951197
4,FD_500_S1,fd,1,0,500,500,5,1.6993537150046905
4,FD_500_S1,fd,1,0,500,500,6,1.6339333619980607
4,FD_500_S1,fd,1,0,500,500,7,1.6523773400040227
4,FD_500_S1,fd,1,0,500,500,8,1.6202051670043147
4,FD_500_S1,fd,1,0,500,500,9,1.6000900149956578
4,FD_500_S1,fd,1,0,500,500,10,1.5980000759955146
5,FD_500_S2,fd,2,0,500,500,1,1.6188998540019384
5,FD_500_S2,fd,2,0,500,500,2,1.5954077459973632
5,FD_500_S2,fd,2,0,500,500,3,1.5992194339996786
5,FD_500_S2,fd,2,0,500,500,4,1.58533710300253
5,FD_500_S2,fd,2,0,500,500,5,1.6039249769964954
5,FD_500_S2,fd,2,0,500,500,6,1.5950834059985937
5,FD_500_S2,fd,2,0,500,500,7,1.6408720430044923
5,FD_500_S2,fd,2,0,500,500,8,1.6124236079995171
5,FD_500_S2,fd,2,0,500,500,9,1.6330244749988196
5,FD_500_S2,fd,2,0,500,500,10,1.5728289149992634
6,MCV_200_S1,mcv,1,200,0,200,1,0.6068531799974153
6,MCV_200_S1,mcv,1,200,0,200,2,0.589904585001932
6,MCV_200_S1,mcv,1,200,0,200,3,0.5885860260023037
6,MCV_200_S1,mcv,1,200,0,200,4,0.629264287003025
6,MCV_200_S1,mcv,1,200,0,200,5,0.5932688699977007
6,MCV_200_S1,mcv,1,200,0,200,6,0.6355970940057887
6,MCV_200_S1,mcv,1,200,0,200,7,0.6156000470000436
6,MCV_200_S1,mcv,1,200,0,200,8,0.5945081149984617
6,MCV_200_S1,mcv,1,200,0,200,9,0.5908004230004735
6,MCV_200_S1,mcv,1,200,0,200,10,0.5894776010027272
7,MCV_2253_S0,mcv,0,2253,0,2253,1,4.344894539004599
7,MCV_2253_S0,mcv,0,2253,0,2253,2,4.33289353800501
7,MCV_2253_S0,mcv,0,2253,0,2253,3,4.386482406000141
7,MCV_2253_S0,mcv,0,2253,0,2253,4,4.214003838998906
7,MCV_2253_S0,mcv,0,2253,0,2253,5,4.711130209005205
7,MCV_2253_S0,mcv,0,2253,0,2253,6,4.67161056400073
7,MCV_2253_S0,mcv,0,2253,0,2253,7,4.574115636001807
7,MCV_2253_S0,mcv,0,2253,0,2253,8,4.442872425999667
7,MCV_2253_S0,mcv,0,2253,0,2253,9,4.43298277699796
7,MCV_2253_S0,mcv,0,2253,0,2253,10,4.480785260995617
8,FD_758_S0,fd,0,0,758,758,1,2.3326543840012164
8,FD_758_S0,fd,0,0,758,758,2,2.194642966001993
8,FD_758_S0,fd,0,0,758,758,3,2.171321044996148
8,FD_758_S0,fd,0,0,758,758,4,2.3678711249958724
8,FD_758_S0,fd,0,0,758,758,5,2.3175002860007226
8,FD_758_S0,fd,0,0,758,758,6,2.331754175000242
8,FD_758_S0,fd,0,0,758,758,7,2.350166664997232
8,FD_758_S0,fd,0,0,758,758,8,2.337333381001372
8,FD_758_S0,fd,0,0,758,758,9,2.38259795599879
8,FD_758_S0,fd,0,0,758,758,10,2.3499377870030003
9,MIXED_750_750_S2,mixed,2,750,750,1500,1,3.614049926000007
9,MIXED_750_750_S2,mixed,2,750,750,1500,2,3.7057006179966265
9,MIXED_750_750_S2,mixed,2,750,750,1500,3,3.8195036350007285
9,MIXED_750_750_S2,mixed,2,750,750,1500,4,4.320330703994841
9,MIXED_750_750_S2,mixed,2,750,750,1500,5,3.9160851089982316
9,MIXED_750_750_S2,mixed,2,750,750,1500,6,3.7983642049948685
9,MIXED_750_750_S2,mixed,2,750,750,1500,7,3.92808108600002
9,MIXED_750_750_S2,mixed,2,750,750,1500,8,3.5102101059965207
9,MIXED_750_750_S2,mixed,2,750,750,1500,9,3.4964798109940602
9,MIXED_750_750_S2,mixed,2,750,750,1500,10,3.684356605997891
10,MCV_100_S0,mcv,0,100,0,100,1,0.4187898439995479
10,MCV_100_S0,mcv,0,100,0,100,2,0.4046530129999155
10,MCV_100_S0,mcv,0,100,0,100,3,0.3975794119978673
10,MCV_100_S0,mcv,0,100,0,100,4,0.40493893900566036
10,MCV_100_S0,mcv,0,100,0,100,5,0.40264604699768825
10,MCV_100_S0,mcv,0,100,0,100,6,0.3842644769974868
10,MCV_100_S0,mcv,0,100,0,100,7,0.379280592998839
10,MCV_100_S0,mcv,0,100,0,100,8,0.3874753990021418
10,MCV_100_S0,mcv,0,100,0,100,9,0.3774628129976918
10,MCV_100_S0,mcv,0,100,0,100,10,0.3800331419988652
11,MCV_2000_S1,mcv,1,2000,0,2000,1,3.8403421140028513
11,MCV_2000_S1,mcv,1,2000,0,2000,2,4.15193739499955
11,MCV_2000_S1,mcv,1,2000,0,2000,3,3.889171703005559
11,MCV_2000_S1,mcv,1,2000,0,2000,4,4.068643220001832
11,MCV_2000_S1,mcv,1,2000,0,2000,5,3.904723746003583
11,MCV_2000_S1,mcv,1,2000,0,2000,6,4.175648507000005
11,MCV_2000_S1,mcv,1,2000,0,2000,7,3.895657569002651
11,MCV_2000_S1,mcv,1,2000,0,2000,8,4.00066866799898
11,MCV_2000_S1,mcv,1,2000,0,2000,9,3.9777028079988668
11,MCV_2000_S1,mcv,1,2000,0,2000,10,4.258965878994786
12,FD_50_S2,fd,2,0,50,50,1,0.3986713500053156
12,FD_50_S2,fd,2,0,50,50,2,0.40669786799844587
12,FD_50_S2,fd,2,0,50,50,3,0.3847665520006558
12,FD_50_S2,fd,2,0,50,50,4,0.38771897200058447
12,FD_50_S2,fd,2,0,50,50,5,0.4121358010015683
12,FD_50_S2,fd,2,0,50,50,6,0.4139989789982792
12,FD_50_S2,fd,2,0,50,50,7,0.4233882080006879
12,FD_50_S2,fd,2,0,50,50,8,0.3736377229943173
12,FD_50_S2,fd,2,0,50,50,9,0.3823200379993068
12,FD_50_S2,fd,2,0,50,50,10,0.3782656039984431
13,MCV_200_S2,mcv,2,200,0,200,1,0.5965446479967795
13,MCV_200_S2,mcv,2,200,0,200,2,0.5988021750017651
13,MCV_200_S2,mcv,2,200,0,200,3,0.6814709520040196
13,MCV_200_S2,mcv,2,200,0,200,4,0.6921535410001525
13,MCV_200_S2,mcv,2,200,0,200,5,0.6728501219986356
13,MCV_200_S2,mcv,2,200,0,200,6,0.5851103700042586
13,MCV_200_S2,mcv,2,200,0,200,7,0.5922606489984901
13,MCV_200_S2,mcv,2,200,0,200,8,0.6600857680023182
13,MCV_200_S2,mcv,2,200,0,200,9,0.6081134720006958
13,MCV_200_S2,mcv,2,200,0,200,10,0.5876240550060174
14,MCV_50_S0,mcv,0,50,0,50,1,0.3531470050002099
14,MCV_50_S0,mcv,0,50,0,50,2,0.31552673799888
14,MCV_50_S0,mcv,0,50,0,50,3,0.31494114700035425
14,MCV_50_S0,mcv,0,50,0,50,4,0.3173870509999688
14,MCV_50_S0,mcv,0,50,0,50,5,0.36117611800000304
14,MCV_50_S0,mcv,0,50,0,50,6,0.3681984499999089
14,MCV_50_S0,mcv,0,50,0,50,7,0.33236245900479844
14,MCV_50_S0,mcv,0,50,0,50,8,0.31669274399610003
14,MCV_50_S0,mcv,0,50,0,50,9,0.31550264899851754
14,MCV_50_S0,mcv,0,50,0,50,10,0.32751896600530017
15,MCV_1000_S1,mcv,1,1000,0,1000,1,2.1255638299990096
15,MCV_1000_S1,mcv,1,1000,0,1000,2,2.1327874069975223
15,MCV_1000_S1,mcv,1,1000,0,1000,3,2.053054470998177
15,MCV_1000_S1,mcv,1,1000,0,1000,4,2.0157086700055515
15,MCV_1000_S1,mcv,1,1000,0,1000,5,2.0997109539966914
15,MCV_1000_S1,mcv,1,1000,0,1000,6,2.1357394980004756
15,MCV_1000_S1,mcv,1,1000,0,1000,7,2.2851693669945234
15,MCV_1000_S1,mcv,1,1000,0,1000,8,2.1957018009998137
15,MCV_1000_S1,mcv,1,1000,0,1000,9,2.0626331029998255
15,MCV_1000_S1,mcv,1,1000,0,1000,10,2.0419228070022655
16,FD_100_S1,fd,1,0,100,100,1,0.536782964001759
16,FD_100_S1,fd,1,0,100,100,2,0.5298001789997215
16,FD_100_S1,fd,1,0,100,100,3,0.5331921019969741
16,FD_100_S1,fd,1,0,100,100,4,0.5211253090019454
16,FD_100_S1,fd,1,0,100,100,5,0.5092314069988788
16,FD_100_S1,fd,1,0,100,100,6,0.5116878999979235
16,FD_100_S1,fd,1,0,100,100,7,0.5108145830017747
16,FD_100_S1,fd,1,0,100,100,8,0.5651527149966569
16,FD_100_S1,fd,1,0,100,100,9,0.5597366540023359
16,FD_100_S1,fd,1,0,100,100,10,0.5093221240022103
17,FD_200_S0,fd,0,0,200,200,1,0.796142952000082
17,FD_200_S0,fd,0,0,200,200,2,0.8388937939962489
17,FD_200_S0,fd,0,0,200,200,3,0.7708879790006904
17,FD_200_S0,fd,0,0,200,200,4,0.7472962489991914
17,FD_200_S0,fd,0,0,200,200,5,0.7682603940047557
17,FD_200_S0,fd,0,0,200,200,6,0.7642952769965632
17,FD_200_S0,fd,0,0,200,200,7,0.8207952820011997
17,FD_200_S0,fd,0,0,200,200,8,0.8984594880021177
17,FD_200_S0,fd,0,0,200,200,9,0.9038360670019756
17,FD_200_S0,fd,0,0,200,200,10,0.8513470190009684
18,FD_50_S1,fd,1,0,50,50,1,0.3853985629975796
18,FD_50_S1,fd,1,0,50,50,2,0.36944453500473173
18,FD_50_S1,fd,1,0,50,50,3,0.4218130619992735
18,FD_50_S1,fd,1,0,50,50,4,0.377530324003601
18,FD_50_S1,fd,1,0,50,50,5,0.35970489399915095
18,FD_50_S1,fd,1,0,50,50,6,0.3577282109981752
18,FD_50_S1,fd,1,0,50,50,7,0.36433091499930015
18,FD_50_S1,fd,1,0,50,50,8,0.36336754399962956
18,FD_50_S1,fd,1,0,50,50,9,0.3572090689995093
18,FD_50_S1,fd,1,0,50,50,10,0.3589959630044177
19,MCV_500_S0,mcv,0,500,0,500,1,1.1074212060048012
19,MCV_500_S0,mcv,0,500,0,500,2,1.088820418000978
19,MCV_500_S0,mcv,0,500,0,500,3,1.1248252309960662
19,MCV_500_S0,mcv,0,500,0,500,4,1.1273040160012897
19,MCV_500_S0,mcv,0,500,0,500,5,1.0964921719933045
19,MCV_500_S0,mcv,0,500,0,500,6,1.0719149639990064
19,MCV_500_S0,mcv,0,500,0,500,7,1.0787688819982577
19,MCV_500_S0,mcv,0,500,0,500,8,1.1027381280000554
19,MCV_500_S0,mcv,0,500,0,500,9,1.0745529339983477
19,MCV_500_S0,mcv,0,500,0,500,10,1.068149615006405
20,FD_100_S2,fd,2,0,100,100,1,0.5278467519965488
20,FD_100_S2,fd,2,0,100,100,2,0.5470087869980489
20,FD_100_S2,fd,2,0,100,100,3,0.5023704690029263
20,FD_100_S2,fd,2,0,100,100,4,0.49248126100428635
20,FD_100_S2,fd,2,0,100,100,5,0.5124488779983949
20,FD_100_S2,fd,2,0,100,100,6,0.5392223929957254
20,FD_100_S2,fd,2,0,100,100,7,0.48783384599664714
20,FD_100_S2,fd,2,0,100,100,8,0.5155614859977504
20,FD_100_S2,fd,2,0,100,100,9,0.49291440700471867
20,FD_100_S2,fd,2,0,100,100,10,0.5010028920005425
21,MIXED_250_250_S1,mixed,1,250,250,500,1,1.3839621810038807
21,MIXED_250_250_S1,mixed,1,250,250,500,2,1.3997970039999927
21,MIXED_250_250_S1,mixed,1,250,250,500,3,1.4169428809982492
21,MIXED_250_250_S1,mixed,1,250,250,500,4,1.385894097002165
21,MIXED_250_250_S1,mixed,1,250,250,500,5,1.580859440000495
21,MIXED_250_250_S1,mixed,1,250,250,500,6,1.3114448019987321
21,MIXED_250_250_S1,mixed,1,250,250,500,7,1.4253481310006464
21,MIXED_250_250_S1,mixed,1,250,250,500,8,1.3931814970055711
21,MIXED_250_250_S1,mixed,1,250,250,500,9,1.3942129939969163
21,MIXED_250_250_S1,mixed,1,250,250,500,10,1.3457335560015053
22,FD_500_S0,fd,0,0,500,500,1,1.6520140569991781
22,FD_500_S0,fd,0,0,500,500,2,1.5946270360000199
22,FD_500_S0,fd,0,0,500,500,3,1.585921995996614
22,FD_500_S0,fd,0,0,500,500,4,1.527593385995715
22,FD_500_S0,fd,0,0,500,500,5,1.6261180380024598
22,FD_500_S0,fd,0,0,500,500,6,1.5871947740015457
22,FD_500_S0,fd,0,0,500,500,7,1.5459516850023647
22,FD_500_S0,fd,0,0,500,500,8,1.6176494699975592
22,FD_500_S0,fd,0,0,500,500,9,1.4779772040055832
22,FD_500_S0,fd,0,0,500,500,10,1.5548791920009535
23,MCV_500_S1,mcv,1,500,0,500,1,1.0788927150060772
23,MCV_500_S1,mcv,1,500,0,500,2,1.127403456994216
23,MCV_500_S1,mcv,1,500,0,500,3,1.159273557997949
23,MCV_500_S1,mcv,1,500,0,500,4,1.1411095639996347
23,MCV_500_S1,mcv,1,500,0,500,5,1.1895130569973844
23,MCV_500_S1,mcv,1,500,0,500,6,1.1283844189965748
23,MCV_500_S1,mcv,1,500,0,500,7,1.1810821449980722
23,MCV_500_S1,mcv,1,500,0,500,8,1.1786939599987818
23,MCV_500_S1,mcv,1,500,0,500,9,1.171021344998735
23,MCV_500_S1,mcv,1,500,0,500,10,1.2162971860016114
24,MCV_200_S0,mcv,0,200,0,200,1,0.6114985539970803
24,MCV_200_S0,mcv,0,200,0,200,2,0.6256578269967576
24,MCV_200_S0,mcv,0,200,0,200,3,0.6082191110035637
24,MCV_200_S0,mcv,0,200,0,200,4,0.6046465850013192
24,MCV_200_S0,mcv,0,200,0,200,5,0.680057757999748
24,MCV_200_S0,mcv,0,200,0,200,6,0.6135833869993803
24,MCV_200_S0,mcv,0,200,0,200,7,0.6018728629933321
24,MCV_200_S0,mcv,0,200,0,200,8,0.6104216889943928
24,MCV_200_S0,mcv,0,200,0,200,9,0.6064640969998436
24,MCV_200_S0,mcv,0,200,0,200,10,0.6092134700011229
25,MCV_500_S2,mcv,2,500,0,500,1,1.184914536002907
25,MCV_500_S2,mcv,2,500,0,500,2,1.1974927750052302
25,MCV_500_S2,mcv,2,500,0,500,3,1.1811438660006388
25,MCV_500_S2,mcv,2,500,0,500,4,1.192788512998959
25,MCV_500_S2,mcv,2,500,0,500,5,1.171361345994228
25,MCV_500_S2,mcv,2,500,0,500,6,1.1738083199961693
25,MCV_500_S2,mcv,2,500,0,500,7,1.1893334869964747
25,MCV_500_S2,mcv,2,500,0,500,8,1.1851542240037816
25,MCV_500_S2,mcv,2,500,0,500,9,1.087042125996959
25,MCV_500_S2,mcv,2,500,0,500,10,1.085231028002454
26,MIXED_50_50_S0,mixed,0,50,50,100,1,0.4483638950041495
26,MIXED_50_50_S0,mixed,0,50,50,100,2,0.43596163899928797
26,MIXED_50_50_S0,mixed,0,50,50,100,3,0.436203987999761
26,MIXED_50_50_S0,mixed,0,50,50,100,4,0.4407303749976563
26,MIXED_50_50_S0,mixed,0,50,50,100,5,0.4844964430012624
26,MIXED_50_50_S0,mixed,0,50,50,100,6,0.4893853850007872
26,MIXED_50_50_S0,mixed,0,50,50,100,7,0.48195189000398386
26,MIXED_50_50_S0,mixed,0,50,50,100,8,0.4879475409979932
26,MIXED_50_50_S0,mixed,0,50,50,100,9,0.486872333996871
26,MIXED_50_50_S0,mixed,0,50,50,100,10,0.48229687699495116
27,MCV_100_S2,mcv,2,100,0,100,1,0.4261527139969985
27,MCV_100_S2,mcv,2,100,0,100,2,0.47074177900503855
27,MCV_100_S2,mcv,2,100,0,100,3,0.4286223740054993
27,MCV_100_S2,mcv,2,100,0,100,4,0.4186251710052602
27,MCV_100_S2,mcv,2,100,0,100,5,0.41535372599901166
27,MCV_100_S2,mcv,2,100,0,100,6,0.430552395999257
27,MCV_100_S2,mcv,2,100,0,100,7,0.42651074799505295
27,MCV_100_S2,mcv,2,100,0,100,8,0.41626430099859135
27,MCV_100_S2,mcv,2,100,0,100,9,0.4506088920024922
27,MCV_100_S2,mcv,2,100,0,100,10,0.4144748940016143
28,FD_100_S0,fd,0,0,100,100,1,0.5087711599990143
28,FD_100_S0,fd,0,0,100,100,2,0.5368831939995289
28,FD_100_S0,fd,0,0,100,100,3,0.5186438730015652
28,FD_100_S0,fd,0,0,100,100,4,0.5415532240003813
28,FD_100_S0,fd,0,0,100,100,5,0.5285599590060883
28,FD_100_S0,fd,0,0,100,100,6,0.5255918289985857
28,FD_100_S0,fd,0,0,100,100,7,0.5188426930035348
28,FD_100_S0,fd,0,0,100,100,8,0.5163325499961502
28,FD_100_S0,fd,0,0,100,100,9,0.5120974710007431
28,FD_100_S0,fd,0,0,100,100,10,0.5100430899983621
29,FD_200_S2,fd,2,0,200,200,1,0.8021890919990255
29,FD_200_S2,fd,2,0,200,200,2,0.902889025004697
29,FD_200_S2,fd,2,0,200,200,3,0.7937529339978937
29,FD_200_S2,fd,2,0,200,200,4,0.7863520929968217
29,FD_200_S2,fd,2,0,200,200,5,0.7973443340015365
29,FD_200_S2,fd,2,0,200,200,6,0.8112786120036617
29,FD_200_S2,fd,2,0,200,200,7,0.7865534650045447
29,FD_200_S2,fd,2,0,200,200,8,0.8150654040000518
29,FD_200_S2,fd,2,0,200,200,9,0.8170630790045834
29,FD_200_S2,fd,2,0,200,200,10,0.7903678939983365
30,MCV_50_S1,mcv,1,50,0,50,1,0.32654114999604644
30,MCV_50_S1,mcv,1,50,0,50,2,0.32711104799818713
30,MCV_50_S1,mcv,1,50,0,50,3,0.32621934799681185
30,MCV_50_S1,mcv,1,50,0,50,4,0.3191433540050639
30,MCV_50_S1,mcv,1,50,0,50,5,0.3218722120000166
30,MCV_50_S1,mcv,1,50,0,50,6,0.34388502599904314
30,MCV_50_S1,mcv,1,50,0,50,7,0.3500006080066669
30,MCV_50_S1,mcv,1,50,0,50,8,0.34891467300622026
30,MCV_50_S1,mcv,1,50,0,50,9,0.34800674299913226
30,MCV_50_S1,mcv,1,50,0,50,10,0.3217038699949626
31,FD_200_S1,fd,1,0,200,200,1,0.9072898579979665
31,FD_200_S1,fd,1,0,200,200,2,0.8648460890035494
31,FD_200_S1,fd,1,0,200,200,3,0.7992758639957174
31,FD_200_S1,fd,1,0,200,200,4,0.7900597539992305
31,FD_200_S1,fd,1,0,200,200,5,0.787998879000952
31,FD_200_S1,fd,1,0,200,200,6,0.8146811490005348
31,FD_200_S1,fd,1,0,200,200,7,0.8002319160004845
31,FD_200_S1,fd,1,0,200,200,8,0.7909704110061284
31,FD_200_S1,fd,1,0,200,200,9,0.799402826000005
31,FD_200_S1,fd,1,0,200,200,10,0.7551999850038555
32,MCV_100_S1,mcv,1,100,0,100,1,0.4222876060011913
32,MCV_100_S1,mcv,1,100,0,100,2,0.42879702700156486
32,MCV_100_S1,mcv,1,100,0,100,3,0.4434264180017635
32,MCV_100_S1,mcv,1,100,0,100,4,0.46558866999839665
32,MCV_100_S1,mcv,1,100,0,100,5,0.426286350004375
32,MCV_100_S1,mcv,1,100,0,100,6,0.4183387590019265
32,MCV_100_S1,mcv,1,100,0,100,7,0.44227185099589406
32,MCV_100_S1,mcv,1,100,0,100,8,0.4409046090004267
32,MCV_100_S1,mcv,1,100,0,100,9,0.44225432900566375
32,MCV_100_S1,mcv,1,100,0,100,10,0.4570235599967418
33,MCV_1000_S0,mcv,0,1000,0,1000,1,2.33956096899783
33,MCV_1000_S0,mcv,0,1000,0,1000,2,2.0832698320009513
33,MCV_1000_S0,mcv,0,1000,0,1000,3,2.0193550719995983
33,MCV_1000_S0,mcv,0,1000,0,1000,4,2.078840729998774
33,MCV_1000_S0,mcv,0,1000,0,1000,5,2.03679073999956
33,MCV_1000_S0,mcv,0,1000,0,1000,6,2.105757031000394
33,MCV_1000_S0,mcv,0,1000,0,1000,7,2.040068242000416
33,MCV_1000_S0,mcv,0,1000,0,1000,8,2.0769026380003197
33,MCV_1000_S0,mcv,0,1000,0,1000,9,2.0442542519958806
33,MCV_1000_S0,mcv,0,1000,0,1000,10,2.263533422999899
34,MCV_50_S2,mcv,2,50,0,50,1,0.32868256799702067
34,MCV_50_S2,mcv,2,50,0,50,2,0.331150644000445
34,MCV_50_S2,mcv,2,50,0,50,3,0.3231747390018427
34,MCV_50_S2,mcv,2,50,0,50,4,0.33022934600012377
34,MCV_50_S2,mcv,2,50,0,50,5,0.32926695000060135
34,MCV_50_S2,mcv,2,50,0,50,6,0.3367969329992775
34,MCV_50_S2,mcv,2,50,0,50,7,0.32107049300248036
34,MCV_50_S2,mcv,2,50,0,50,8,0.3518157650032663
34,MCV_50_S2,mcv,2,50,0,50,9,0.3509304239996709
34,MCV_50_S2,mcv,2,50,0,50,10,0.3490289679975831
35,MCV_2000_S0,mcv,0,2000,0,2000,1,4.0056201629995485
35,MCV_2000_S0,mcv,0,2000,0,2000,2,4.197112911002478
35,MCV_2000_S0,mcv,0,2000,0,2000,3,4.176585613000498
35,MCV_2000_S0,mcv,0,2000,0,2000,4,4.519397329997446
35,MCV_2000_S0,mcv,0,2000,0,2000,5,3.9741105470020557
35,MCV_2000_S0,mcv,0,2000,0,2000,6,3.7295922880002763
35,MCV_2000_S0,mcv,0,2000,0,2000,7,4.170163103000959
35,MCV_2000_S0,mcv,0,2000,0,2000,8,3.9670804109991877
35,MCV_2000_S0,mcv,0,2000,0,2000,9,3.8644833430007566
35,MCV_2000_S0,mcv,0,2000,0,2000,10,4.141015706998587
