candidate,mechanism,cost,selection_frequency,selected_splits,train_structural,test_structural,train_consumers,test_consumers,train_positive,train_negative,test_positive,test_negative,train_benefit,test_benefit
mcv:623,mcv,266,1.0,10,44,16,38,13,27,11,5,8,9.413263322813902,0.5027014114345556
fd:324,fd,27,0.2,2,4,0,2,0,2,0,0,0,0.09106000493984112,0.0
mcv:1834,mcv,308,0.9,9,22,5,18,4,14,4,3,1,5.563476064634812,1.0670461021744035
mcv:40,mcv,840,1.0,10,79,21,75,21,50,25,15,6,205.089247154614,24.97444351193832
mcv:824,mcv,244,0.7,7,30,5,26,4,22,4,4,0,0.388326509349491,0.02755314362195982
fd:43,fd,27,0.9,9,23,4,12,2,12,0,1,1,0.028916346304594276,-0.00857417353789236
mcv:1434,mcv,518,0.3,3,8,4,4,2,4,0,1,1,0.500849330622267,0.022142336059075785
mcv:833,mcv,388,0.5,5,20,5,15,4,12,0,4,0,35.71247704856494,3817.6067148408783
fd:52,fd,27,0.3,3,10,2,4,1,3,1,0,1,0.007951360270124885,-0.01277592282389417
mcv:122,mcv,540,0.1,1,7,1,7,1,5,2,1,0,0.46304276405915834,0.0017969868155043311
mcv:1800,mcv,2170,0.9,9,21,6,14,3,14,0,3,0,115.94054864743102,0.9006506094558793
fd:180,fd,27,0.9,9,34,11,9,3,9,0,3,0,0.04592709046944088,0.016675006231448686
fd:726,fd,27,0.6,6,6,0,6,0,6,0,0,0,1.3139624719801979,0.0
mcv:970,mcv,512,0.5,5,22,3,5,0,5,0,0,0,1.9350542182531882,0.0
fd:125,fd,27,0.9,9,33,12,10,5,9,1,5,0,0.013069581258674301,0.012746703893085964
fd:70,fd,27,0.5,5,19,1,10,1,5,5,0,1,0.0027675863676757118,-0.03330474891432367
mcv:1946,mcv,948,0.6,6,11,1,7,0,6,1,0,0,5.225261868967751,0.0
mcv:1052,mcv,796,1.0,10,32,8,11,3,11,0,0,3,144.2101528545783,-3.040841195548805
mcv:1891,mcv,678,0.2,2,4,0,2,0,2,0,0,0,0.42880152739138544,0.0
mcv:570,mcv,340,0.1,1,6,0,5,0,4,1,0,0,0.9153297144803911,0.0
fd:326,fd,41,0.9,9,32,4,16,2,16,0,1,1,2.3534866681771067,0.004823690721393881
fd:683,fd,27,0.5,5,5,0,5,0,5,0,0,0,0.09714866213474349,0.0
mcv:753,mcv,410,0.7,7,25,10,19,9,15,4,3,6,4.296398884989778,-1.7866234604776117
mcv:1473,mcv,896,0.4,4,10,2,4,0,4,0,0,0,3.9298248947103755,0.0
mcv:588,mcv,540,0.3,3,15,3,8,2,8,0,2,0,0.8344156290196281,0.5326073502469506
mcv:826,mcv,366,1.0,10,39,11,36,8,28,8,3,5,2670.147723684998,342.08716900768775
mcv:2211,mcv,320,0.8,8,8,0,8,0,8,0,0,0,1.4770142616944042,0.0
mcv:170,mcv,724,0.5,5,38,2,32,1,16,16,0,1,28.968779616676834,-0.03323244294183425
fd:219,fd,27,0.8,8,40,8,28,7,16,12,5,2,0.2595247114661905,0.1248657699260236
mcv:835,mcv,922,1.0,10,41,9,26,5,26,0,3,2,8.212129896729888,-14.15442254707223
mcv:60,mcv,218,0.1,1,6,3,5,1,3,2,1,0,7.472022872334959,4.303683223554426
mcv:1793,mcv,910,0.5,5,11,4,10,3,6,4,0,3,0.6665134013960754,-0.000426757576877268
mcv:1018,mcv,614,0.8,8,25,7,19,3,16,3,0,3,3.235991487263252,-0.03346576758485087
fd:655,fd,27,0.4,4,6,2,4,2,4,0,0,2,0.09506362392431722,-0.08785699469755093
mcv:362,mcv,576,0.5,5,27,3,18,1,18,0,1,0,3.8488968375444728,0.02159479294791411
fd:301,fd,27,0.2,2,9,1,3,0,3,0,0,0,0.0003972920980466199,0.0
fd:127,fd,41,0.7,7,24,4,12,3,8,4,0,3,0.02454392520077886,-0.014185938687951705
mcv:197,mcv,646,0.9,9,49,14,46,12,33,13,7,5,7.175556390285768,0.05546919424542862
fd:191,fd,27,1.0,10,35,5,18,1,18,0,1,0,0.33832112980598894,0.017880881459403364
mcv:1875,mcv,748,0.6,6,10,2,6,1,6,0,0,1,4.066016865759378,-0.23061330724241325
fd:255,fd,27,0.1,1,2,0,1,0,1,0,0,0,0.0008244597466862125,0.0
mcv:1109,mcv,958,0.5,5,18,2,6,1,5,1,0,1,0.7077315857748405,-0.03964968305492533
fd:20,fd,27,1.0,10,18,2,17,2,17,0,2,0,2.6069906319080793,0.3389887181917721
mcv:691,mcv,958,1.0,10,39,11,20,9,15,5,4,5,9.749080871600308,-122.53974642619158
mcv:35,mcv,148,0.2,2,11,9,11,9,7,4,4,5,0.6339219466609158,-0.02442039951263708
mcv:1365,mcv,340,0.8,8,26,6,11,0,8,3,0,0,1.1997240898174033,0.0
mcv:2204,mcv,222,0.3,3,3,0,3,0,3,0,0,0,0.45498399813722346,0.0
mcv:883,mcv,196,0.1,1,4,1,2,1,1,1,0,1,0.034194578164041145,-0.00938923328962371
mcv:1429,mcv,414,0.8,8,30,2,22,2,22,0,2,0,6.450401093377539,0.3013870454130576
fd:520,fd,27,0.3,3,3,0,3,0,3,0,0,0,0.0030532551170865396,0.0
fd:93,fd,41,0.7,7,29,13,13,7,12,1,7,0,0.0042420188422747085,0.003100499227920217
mcv:773,mcv,196,0.3,3,12,3,5,3,4,1,2,1,0.09542024811322825,0.01690115476744003
mcv:172,mcv,174,0.4,4,27,5,27,5,17,10,2,3,8.629785454944013,0.35949445029348115
mcv:291,mcv,378,0.8,8,47,9,44,8,28,16,5,3,5.732470973975397,-1.9948376066929998
mcv:1493,mcv,304,0.7,7,18,3,17,1,17,0,1,0,39.65521122065664,9.356319878861541e-07
fd:230,fd,27,0.9,9,24,3,14,2,14,0,0,2,0.22100530468096635,-0.15969473662536782
mcv:126,mcv,488,0.9,9,61,11,61,11,40,21,6,5,55.801099756498154,9.753240852866744
mcv:846,mcv,314,0.5,5,21,4,13,1,13,0,1,0,0.9781731611031792,0.017711561281724464
mcv:1203,mcv,772,0.8,8,25,7,15,2,15,0,2,0,2.5709891705500882,0.2575273252635282
mcv:190,mcv,936,0.7,7,40,9,30,4,29,1,0,3,411.0960837766869,-9.284084506363344
fd:422,fd,27,0.4,4,11,5,5,2,4,1,2,0,0.001280912731402406,0.0009044608446311386
fd:376,fd,27,0.3,3,5,1,3,1,3,0,1,0,0.21345813435496708,0.2534945912617892
fd:321,fd,27,0.3,3,12,3,3,1,3,0,0,1,0.039227639580356355,-0.06731205527886974
mcv:565,mcv,244,0.5,5,25,5,14,5,13,1,3,2,0.9896454223563598,-0.013994647711534247
mcv:629,mcv,440,0.8,8,37,3,20,1,16,4,1,0,7.994210160951455,0.005966402053655173
fd:623,fd,27,0.9,9,9,0,9,0,9,0,0,0,0.07105245911461666,0.0
fd:568,fd,27,1.0,10,16,4,11,1,11,0,1,0,0.02807905699553781,0.0022905116869542663
fd:687,fd,41,1.0,10,17,3,17,3,17,0,3,0,2.0930191397358335,0.4024373523138769
fd:86,fd,27,0.4,4,4,0,4,0,4,0,0,0,0.0021288638282461747,0.0
mcv:1303,mcv,536,1.0,10,34,6,14,1,14,0,1,0,2.7650377636631767,0.11156446889470839
mcv:2142,mcv,682,0.7,7,7,0,7,0,7,0,0,0,2.8976695925393914,0.0
mcv:2023,mcv,270,0.7,7,12,2,7,0,7,0,0,0,0.482982380810397,0.0
mcv:940,mcv,274,0.6,6,22,8,14,8,14,0,3,5,3.403623810693756,0.37146674177749617
mcv:885,mcv,222,0.5,5,22,3,6,1,6,0,1,0,1.6021196063393752,0.6417900065733466
fd:223,fd,27,0.4,4,4,0,4,0,4,0,0,0,0.07344816336043425,0.0
fd:49,fd,27,0.7,7,38,4,31,3,23,8,2,1,0.009901446458742358,0.0006083379569639114
mcv:357,mcv,756,0.8,8,40,8,23,4,14,9,1,3,71.07775200499802,1.2576118504259455
fd:58,fd,27,0.6,6,24,6,14,3,13,1,1,2,0.31165807242015076,-0.019094949423384744
fd:534,fd,41,0.2,2,4,0,2,0,2,0,0,0,0.0036205873200865213,0.0
mcv:1205,mcv,636,0.6,6,22,2,15,0,15,0,0,0,10.626095949655392,0.0
mcv:1324,mcv,222,1.0,10,35,5,13,0,10,3,0,0,217.4268180211746,0.0
mcv:1870,mcv,664,1.0,10,18,2,18,2,10,8,0,2,3.832369362948115,-0.0051394715795813894
mcv:1269,mcv,304,0.8,8,19,13,8,4,8,0,3,1,14.233650032331767,3.0415340295515634
mcv:1815,mcv,388,1.0,10,26,4,16,1,16,0,1,0,7.837927577692958,0.565566667997939
mcv:976,mcv,266,0.9,9,39,6,26,6,25,1,4,2,3.6041200651523257,0.03546435711529772
mcv:2053,mcv,772,0.4,4,7,1,5,0,5,0,0,0,2.7858970220224157,0.0
mcv:1159,mcv,388,0.6,6,22,2,6,1,6,0,1,0,0.36871661895517027,0.09974354010866882
fd:314,fd,27,1.0,10,36,4,27,3,27,0,3,0,0.012058533423916717,0.0012676593433171846
mcv:512,mcv,480,0.5,5,26,4,8,2,6,0,2,0,4.755701226558347,0.9568972312226354
mcv:2190,mcv,410,0.6,6,6,0,6,0,6,0,0,0,1.0365236838134175,0.0
mcv:869,mcv,448,0.8,8,33,7,20,1,19,1,1,0,5.1227963978123086,0.6040908846739117
mcv:1415,mcv,1386,0.7,7,23,5,8,5,7,1,4,1,13.297964493043354,3.4162456610004894
fd:570,fd,27,0.3,3,6,0,3,0,3,0,0,0,0.00313362356436242,0.0
fd:744,fd,27,0.5,5,5,0,5,0,5,0,0,0,0.01477439069099784,0.0
mcv:158,mcv,838,0.2,2,11,5,8,5,5,3,4,1,0.8664681488160682,-41.19747222166968
fd:271,fd,27,0.2,2,2,0,2,0,2,0,0,0,0.0004480468454488573,0.0
fd:643,fd,27,0.5,5,5,0,5,0,5,0,0,0,0.04211310041281391,0.0
fd:216,fd,27,0.5,5,18,7,8,7,7,1,4,3,0.011459016799169275,-0.0009625195380944529
mcv:112,mcv,170,0.7,7,43,13,41,13,35,6,8,5,0.9492572172137164,0.2742623152231949
fd:280,fd,41,0.7,7,31,4,23,4,18,5,2,2,0.007615071554802455,7.481396386843642e-07
fd:225,fd,27,0.7,7,13,1,7,0,7,0,0,0,0.018384772260979787,0.0
mcv:469,mcv,856,0.7,7,33,9,17,3,12,5,2,1,6.27385896082202,0.8664963813177311
fd:399,fd,27,0.3,3,14,1,10,0,9,1,0,0,0.06312682236057232,0.0
mcv:841,mcv,330,0.9,9,28,17,19,9,18,1,6,3,11.631823757862094,4.019905181365793
fd:289,fd,27,0.3,3,5,1,3,0,3,0,0,0,0.03832890839502956,0.0
mcv:1918,mcv,218,0.9,9,15,3,15,3,15,0,3,0,0.7085164315390655,0.11939690004193859
fd:179,fd,27,0.4,4,11,1,4,0,4,0,0,0,0.07318025351390167,0.0
mcv:1808,mcv,378,0.8,8,21,3,11,1,11,0,0,1,3.084854964895653,-0.1652501630085239
mcv:551,mcv,588,0.6,6,29,7,23,4,18,5,3,1,6.509176952219733,0.3073177533701523
mcv:2110,mcv,408,0.5,5,7,3,5,0,5,0,0,0,3.2120380800206707,0.0
mcv:1216,mcv,772,0.7,7,25,3,13,1,12,1,0,1,5.59119344736582,-0.004938571625079824
fd:545,fd,41,0.8,8,16,0,12,0,12,0,0,0,0.10471883399164716,0.0
mcv:14,mcv,410,0.9,9,76,14,56,11,52,4,10,1,66.98308767975577,11.09449654692387
mcv:2174,mcv,1254,0.4,4,4,0,4,0,4,0,0,0,4.736076387150388,0.0
fd:728,fd,41,0.8,8,8,0,8,0,8,0,0,0,0.4709452937938772,0.0
mcv:798,mcv,382,0.3,3,11,4,5,1,3,2,0,1,0.936249501053978,-0.0018751045947196232
mcv:1518,mcv,748,0.6,6,17,1,11,0,11,0,0,0,2.6598180253179393,0.0
mcv:1463,mcv,288,0.9,9,31,5,11,1,10,0,1,0,3.517654392067106,0.37657058983751734
fd:499,fd,27,0.7,7,17,4,13,1,12,1,1,0,0.006025065390312889,0.0005749809323698507
fd:136,fd,27,0.2,2,7,1,3,1,2,1,0,1,0.012956776354765331,-0.007650521715727665
mcv:270,mcv,488,0.9,9,53,10,50,10,43,7,9,1,6.536434669075887,1.402940742579251
mcv:1536,mcv,476,0.2,2,3,3,2,2,2,0,0,2,0.21342840061028312,-0.6395766107279686
mcv:96,mcv,594,1.0,10,56,24,56,24,37,19,15,9,55.02040568532241,16.66952365349677
mcv:990,mcv,414,0.8,8,35,5,12,2,12,0,0,2,18415.950766399623,-0.6316581303684365
mcv:880,mcv,196,0.5,5,24,1,8,1,5,0,1,0,1.840633710067135,2096.222346243883
mcv:706,mcv,476,0.6,6,26,4,14,3,8,0,0,2,20.12036359442458,-0.644596223833827
fd:154,fd,41,0.5,5,5,0,5,0,5,0,0,0,1.8403272768480328,0.0
fd:141,fd,41,0.8,8,22,2,8,0,8,0,0,0,0.07815262912966148,0.0
mcv:50,mcv,170,0.2,2,13,5,13,5,10,3,2,3,1.187865119353436,-0.21057733473496132
mcv:361,mcv,580,0.7,7,37,5,18,1,16,2,1,0,8.630219322747573,0.001936392404347398
fd:474,fd,41,1.0,10,34,6,29,5,29,0,5,0,0.013015053239169072,0.0020466152509541757
mcv:425,mcv,422,0.2,2,10,2,8,1,5,3,0,1,0.818215422831241,-0.008107994492877912
mcv:544,mcv,230,0.7,7,37,5,27,3,21,6,2,1,7.584282590580313,0.06907366115644709
fd:593,fd,27,0.6,6,9,3,7,1,6,1,0,1,0.1054890915673452,-0.06478682275482184
mcv:1209,mcv,1072,0.1,1,3,1,2,1,2,0,0,1,0.6494481339848535,-0.23180963582965863
mcv:2112,mcv,148,0.2,2,4,0,2,0,2,0,0,0,2.349591987027999,0.0
mcv:1392,mcv,274,0.3,3,9,3,4,0,4,0,0,0,1.2587803682386773,0.0
mcv:2066,mcv,428,0.5,5,9,1,8,1,8,0,1,0,0.794478223042578,4.439707135261983e-08
mcv:919,mcv,266,0.8,8,34,6,20,2,20,0,2,0,1.4802640402987124,0.15164385776448452
mcv:571,mcv,226,0.2,2,7,5,3,0,3,0,0,0,0.5853645956225548,0.0
mcv:1703,mcv,896,0.4,4,11,1,4,0,4,0,0,0,1.8207912421422314,0.0
mcv:2249,mcv,484,0.5,5,5,0,5,0,5,0,0,0,0.6068505352848497,0.0
mcv:635,mcv,1366,0.7,7,33,2,11,0,8,3,0,0,8.838984059088743,0.0
fd:629,fd,41,0.9,9,9,0,9,0,9,0,0,0,1.4124149512961455,0.0
fd:501,fd,27,0.5,5,9,1,5,1,5,0,1,0,0.06054190841210283,0.0270167875344125
mcv:937,mcv,448,0.9,9,39,6,21,4,21,0,3,0,2187.501198274307,281.2617479577003
mcv:1056,mcv,936,1.0,10,35,5,11,2,11,0,0,2,2.471767715728805,-1.0819394559443571
fd:211,fd,27,0.3,3,6,0,3,0,3,0,0,0,0.20430195422988917,0.0
fd:330,fd,27,0.4,4,4,0,4,0,4,0,0,0,0.03522386216006934,0.0
mcv:946,mcv,436,0.8,8,30,10,8,1,8,0,1,0,1.2580267107979985,0.10728916688154078
mcv:1184,mcv,318,0.2,2,8,0,8,0,6,2,0,0,0.12392704997726267,0.0
mcv:1074,mcv,884,0.9,9,32,4,21,1,21,0,0,1,14.171269945681486,-2.3471820487230843e-08
fd:522,fd,27,0.2,2,2,0,2,0,2,0,0,0,0.10159474355525377,0.0
fd:467,fd,27,0.8,8,27,5,16,3,16,0,3,0,0.17558900576834513,0.0485553445859328
mcv:1092,mcv,274,0.1,1,4,0,2,0,2,0,0,0,1.0276634572396997,0.0
mcv:1876,mcv,388,0.7,7,14,0,7,0,7,0,0,0,3.1130346149692327,0.0
mcv:1394,mcv,244,0.2,2,5,3,2,0,2,0,0,0,0.19745323639651025,0.0
fd:613,fd,27,0.3,3,5,4,3,3,3,0,0,3,0.0005987979815063049,-0.0009837704944337666
mcv:2123,mcv,1072,0.1,1,1,0,1,0,1,0,0,0,0.4410341396719566,0.0
mcv:628,mcv,550,0.7,7,30,5,13,2,12,1,2,0,30.383897235296338,0.8532868829899913
fd:195,fd,27,0.4,4,12,4,6,4,5,1,2,2,0.038107522347374356,0.004685953626603956
mcv:1412,mcv,874,0.8,8,27,5,9,1,8,1,0,1,23.820361569998127,-0.18990203337505296
fd:85,fd,27,0.4,4,14,10,11,5,11,0,2,3,0.0034257629813068124,-0.03195571068574998
mcv:329,mcv,1244,0.6,6,35,7,25,6,18,7,4,2,7.036825203486314,0.11001919903248014
mcv:1113,mcv,196,0.3,3,10,2,8,1,3,5,1,0,0.13646649945285305,0.007918696041255835
mcv:939,mcv,274,1.0,10,43,7,29,4,21,3,2,1,79.0363393346864,-0.08200812551287595
fd:94,fd,27,0.3,3,6,0,3,0,3,0,0,0,0.0033160353247398966,0.0
mcv:1842,mcv,462,0.8,8,14,2,8,1,8,0,0,1,0.7813704559315697,-0.41937251353153204
mcv:411,mcv,388,0.5,5,25,5,8,2,7,1,1,1,0.4968077760011007,1.8551308000771813
mcv:713,mcv,362,0.1,1,3,2,3,0,2,1,0,0,0.09958571716513531,0.0
mcv:420,mcv,170,0.7,7,30,12,28,12,15,13,4,8,0.35227622812843484,0.00439825325511034
mcv:365,mcv,988,0.1,1,5,1,3,1,3,0,1,0,0.20305403408985456,0.01800488283682289
mcv:1268,mcv,304,0.1,1,3,1,1,1,1,0,1,0,1.0917820469000148,6.677652136157164
mcv:2107,mcv,814,1.0,10,18,2,18,0,18,0,0,0,50.21282470363689,0.0
fd:5,fd,27,0.2,2,10,2,5,1,4,1,1,0,0.0010507070422900444,0.00034759364719372243
fd:188,fd,27,0.7,7,17,4,16,3,13,3,0,3,0.006537741615052717,-0.0019185942244319687
mcv:1698,mcv,620,0.2,2,6,0,2,0,2,0,0,0,3.7868831261094513,0.0
mcv:1405,mcv,248,0.1,1,3,1,3,0,1,0,0,0,0.3418944676184681,0.0
fd:78,fd,27,0.4,4,4,0,4,0,4,0,0,0,0.6548242837021347,0.0
mcv:29,mcv,876,0.9,9,76,14,74,14,40,34,2,12,7934.547983659852,988.1607302841436
mcv:749,mcv,244,0.8,8,37,3,25,2,18,7,1,1,1.6723363746262572,-9.846261929029307
fd:133,fd,27,0.4,4,15,5,6,1,6,0,1,0,0.23589770019535128,0.04341389480557711
fd:679,fd,27,0.5,5,5,0,5,0,5,0,0,0,0.026068007846072883,0.0
mcv:1652,mcv,344,0.3,3,7,2,4,1,3,1,0,1,0.9171205403341498,-0.06286981031701888
fd:197,fd,27,0.3,3,3,0,3,0,3,0,0,0,0.029721827384239008,0.0
fd:32,fd,27,0.6,6,6,0,6,0,6,0,0,0,1.909122763176773,0.0
fd:752,fd,41,0.7,7,7,0,7,0,7,0,0,0,5.268333249328471,0.0
mcv:1835,mcv,506,0.7,7,17,4,7,0,7,0,0,0,3.6571638231238897,0.0
mcv:221,mcv,278,0.8,8,47,9,18,3,18,0,2,1,27.23551380358027,1.118072729907636
mcv:941,mcv,348,0.7,7,30,5,18,3,11,7,0,3,10.088731704347932,-0.4464580100030253
mcv:1606,mcv,1260,0.8,8,22,2,15,2,15,0,1,1,59.34154765930912,-0.4536180774899179
mcv:166,mcv,942,0.2,2,13,3,11,3,10,1,1,2,1.1060523610213386,-0.34682809363958755
mcv:523,mcv,448,0.8,8,39,9,29,8,19,4,3,3,6.131961387464186,1.1402398365507997
mcv:468,mcv,522,0.8,8,40,8,18,4,9,7,0,2,14.413141787742372,-2.169087461521732
mcv:294,mcv,196,0.8,8,47,9,20,4,16,2,3,1,40.60371251601598,-2.192023707854041
fd:581,fd,41,1.0,10,15,5,15,3,15,0,2,1,1.6274481360070434,-1.8970804320381953
mcv:532,mcv,964,0.7,7,37,5,17,0,17,0,0,0,7575.762874291803,0.0
mcv:1316,mcv,222,0.8,8,28,4,10,4,10,0,2,2,4.187775789246563,-0.004225051209135966
mcv:422,mcv,466,0.9,9,43,11,34,10,22,12,5,5,25.458266102806427,3.9357778847676133
mcv:1926,mcv,296,0.7,7,14,0,8,0,8,0,0,0,0.8545377058922712,0.0
mcv:605,mcv,772,0.2,2,11,1,9,1,8,1,0,1,0.3722517089968087,-0.02609845827388857
mcv:4,mcv,288,0.6,6,46,20,42,18,25,13,14,4,39.607567113341865,5.490691185328464
mcv:1325,mcv,728,0.8,8,28,4,13,0,13,0,0,0,2.9987299784463897,0.0
mcv:843,mcv,244,0.6,6,21,9,7,3,7,0,1,2,0.724553257488624,0.019183470977717443
mcv:68,mcv,1012,0.5,5,35,10,35,10,26,9,8,2,2.4577455661251464,0.20139573010266631
mcv:614,mcv,148,0.3,3,17,1,11,0,7,4,0,0,3.593273576980846,0.0
fd:117,fd,27,0.3,3,3,0,3,0,3,0,0,0,0.014224387302794739,0.0
mcv:77,mcv,148,0.1,1,6,3,4,1,4,0,0,1,0.39658733741901653,-0.011863303733448793
mcv:196,mcv,448,0.2,2,10,4,10,4,8,2,3,1,0.28744567036169544,0.045157132811393774
fd:617,fd,27,0.4,4,4,0,4,0,4,0,0,0,0.4178683822886957,0.0
fd:736,fd,27,0.8,8,14,2,8,0,8,0,0,0,0.30511238166604393,0.0
mcv:86,mcv,414,0.8,8,52,12,48,12,30,18,7,5,80.88457879771543,4.213025709854489
mcv:1099,mcv,418,0.4,4,13,3,7,3,7,0,0,3,4.1789089869106215,-12.765176764991358
mcv:1044,mcv,968,0.8,8,21,11,13,9,9,4,6,3,4.952603927392452,0.5112410827853395
mcv:31,mcv,482,0.1,1,7,3,7,3,4,3,3,0,0.11483711126995888,0.2088694413091332
mcv:751,mcv,170,1.0,10,40,10,35,3,29,6,2,1,1.2784332192286971,0.16146102094484616
mcv:324,mcv,846,0.5,5,28,7,26,6,21,5,3,3,8.173120034852458,0.030427143836495585
mcv:879,mcv,714,0.2,2,8,2,3,1,2,1,0,1,5.993577025319314,-2.654890529640852e-08
mcv:1117,mcv,174,0.8,8,27,5,10,2,10,0,2,0,0.2847308820369876,0.1268836442919672
mcv:1837,mcv,936,0.2,2,4,0,2,0,2,0,0,0,0.3262344599559921,0.0
fd:464,fd,27,0.5,5,5,0,5,0,5,0,0,0,0.008380109597002194,0.0
mcv:2148,mcv,408,0.7,7,7,0,7,0,7,0,0,0,29.80470724857488,0.0
mcv:1318,mcv,322,0.8,8,26,6,13,1,13,0,0,1,4.9766558742122955,-0.01032010550073914
mcv:1263,mcv,1002,0.8,8,25,7,20,3,20,0,3,0,2.2922960481655292,0.04252423649172976
fd:174,fd,41,0.9,9,49,5,33,4,26,4,2,1,0.007615753500630262,-0.0008551376109204867
mcv:1565,mcv,318,0.4,4,10,2,4,0,4,0,0,0,0.4509719450096199,0.0
mcv:1684,mcv,196,0.3,3,7,2,7,1,7,0,1,0,0.2387138195467,0.017564972514758637
mcv:1510,mcv,362,0.6,6,18,0,6,0,6,0,0,0,0.6150922121404903,0.0
fd:0,fd,27,0.9,9,48,15,16,6,16,0,5,1,0.6439887711665249,0.1266100759420259
mcv:973,mcv,296,1.0,10,40,10,21,6,20,1,6,0,42.17278436150089,19.512204412402216
mcv:799,mcv,418,0.7,7,31,4,15,0,13,2,0,0,3.026279945077963,0.0
mcv:198,mcv,2208,0.3,3,17,4,14,2,10,4,1,1,6.714523487721717,0.17942170914544486
mcv:2184,mcv,498,0.8,8,8,0,8,0,8,0,0,0,0.778506368740068,0.0
mcv:1757,mcv,434,1.0,10,26,4,16,4,16,0,0,4,3660.360967171396,-2.615482850027899
mcv:863,mcv,244,0.1,1,2,3,2,3,2,0,1,2,0.09336367534977819,-3.4706572014276675
mcv:1101,mcv,896,0.7,7,21,7,16,3,16,0,3,0,1.5380036292696022,0.3000914033145603
mcv:1592,mcv,366,0.1,1,3,0,3,0,2,1,0,0,0.15189016264861954,0.0
mcv:271,mcv,804,0.8,8,51,5,9,0,9,0,0,0,6.527256364597752,0.0
mcv:1949,mcv,1008,0.4,4,8,0,4,0,4,0,0,0,0.870459812185471,0.0
mcv:936,mcv,426,0.7,7,30,5,21,4,18,3,1,3,6.7158940609058,29.981877084128133
mcv:2013,mcv,448,0.1,1,2,0,1,0,1,0,0,0,0.12164992216010595,0.0
mcv:399,mcv,1484,1.0,10,51,9,51,9,40,5,6,0,162.7281084190272,2.0353732996059133
mcv:1784,mcv,292,0.8,8,22,2,8,0,8,0,0,0,5.210534548755324,0.0
fd:338,fd,27,0.3,3,8,1,3,0,3,0,0,0,0.02969819176008892,0.0
fd:283,fd,27,0.6,6,10,2,6,2,6,0,2,0,8.794900016688105,1.6026992226081416
mcv:527,mcv,178,0.1,1,6,0,4,0,4,0,0,0,1.2581734075382613,0.0
fd:402,fd,41,0.3,3,10,2,5,1,5,0,1,0,0.1376892979430846,0.029607700200017906
fd:347,fd,27,0.2,2,3,1,2,0,2,0,0,0,0.011541384530826093,0.0
mcv:1311,mcv,584,0.8,8,26,6,11,0,8,3,0,0,1.0291351058541391,0.0
fd:585,fd,41,0.2,2,2,0,2,0,2,0,0,0,0.0007769925390395116,0.0
mcv:536,mcv,174,0.2,2,10,2,7,0,6,1,0,0,0.06602549190565177,0.0
mcv:109,mcv,270,0.5,5,33,7,33,7,22,11,5,2,2.739922797233879,0.2812404314593966
mcv:829,mcv,550,0.2,2,7,3,6,3,4,2,0,3,0.6980908501636871,-0.1490560422138112
mcv:173,mcv,964,0.9,9,57,15,35,12,21,14,6,6,35.05193842403937,-0.3983426359833482
fd:594,fd,27,0.5,5,5,0,5,0,5,0,0,0,0.6862108274794032,0.0
mcv:1558,mcv,362,1.0,10,29,1,14,0,14,0,0,0,8.828461478737667,0.0
mcv:838,mcv,546,0.6,6,16,14,15,8,15,0,6,2,5.258324432517766,7.924758879150426
mcv:2049,mcv,196,0.1,1,2,0,1,0,1,0,0,0,0.025952844159249366,0.0
fd:57,fd,27,0.7,7,16,5,10,1,10,0,1,0,0.017194196678881557,0.0024144522540185953
mcv:2113,mcv,222,0.5,5,6,4,5,0,5,0,0,0,0.18009159099466543,0.0
fd:121,fd,27,0.4,4,17,7,10,4,7,3,3,1,0.00274031303292932,-0.04439690600890045
mcv:1457,mcv,458,0.2,2,6,2,3,2,2,1,2,0,0.3452380820879566,6.219002690599496e-08
fd:185,fd,27,0.5,5,10,0,5,0,5,0,0,0,0.018287939786100216,0.0
mcv:1103,mcv,612,0.9,9,34,2,25,2,20,5,2,0,11.317619491210706,0.8502369983416649
mcv:1649,mcv,410,0.8,8,23,1,14,0,14,0,0,0,150.80190336814982,0.0
fd:624,fd,27,0.7,7,12,2,7,2,7,0,0,2,0.9438990432080367,-0.1966758939013813
fd:514,fd,27,0.2,2,2,2,2,0,2,0,0,0,0.007939799581778928,0.0
mcv:584,mcv,356,0.1,1,5,1,1,1,1,0,1,0,0.2759461301038184,0.0005408229971159972
fd:404,fd,27,0.1,1,2,2,2,2,2,0,0,2,0.0011469893046223145,-0.034166151000695866
mcv:2088,mcv,642,0.7,7,12,2,10,2,10,0,2,0,5.017355780947094,0.2720214836985857
fd:523,fd,27,0.9,9,25,2,14,1,14,0,1,0,0.25228226584564206,0.01635141018802555
mcv:1313,mcv,798,0.3,3,10,2,8,1,7,1,1,0,2.805250696488846,0.009807399587327348
fd:587,fd,27,0.5,5,9,1,7,0,7,0,0,0,0.001531898486561989,0.0
mcv:538,mcv,278,0.7,7,33,9,18,1,13,5,0,1,2.7867118324258096,-0.022631207376100804
fd:651,fd,27,0.5,5,5,0,5,0,5,0,0,0,0.1669286667286265,0.0
mcv:721,mcv,318,0.2,2,9,1,4,1,4,0,0,1,1.6850008407165284,-0.129455026075733
mcv:120,mcv,170,0.5,5,28,12,18,9,17,1,7,2,1.7852125459237946,1.3066468833121492
mcv:65,mcv,196,0.9,9,68,13,60,12,42,15,7,4,252.45742264880104,3.4223793290353006
mcv:2225,mcv,318,0.2,2,2,0,2,0,2,0,0,0,1.227039104043655,0.0
fd:233,fd,41,0.2,2,10,0,2,0,2,0,0,0,0.012914161712900274,0.0
mcv:248,mcv,218,0.3,3,16,5,3,1,3,0,0,1,0.12731043531600528,-0.3890068839082337
mcv:794,mcv,1044,0.2,2,6,4,5,3,3,2,3,0,1.610037876631529,9.989056671147686
fd:13,fd,27,0.2,2,7,1,2,0,2,0,0,0,0.011626427918904447,0.0
fd:196,fd,27,0.5,5,5,0,5,0,5,0,0,0,0.12560917920629477,0.0
mcv:1279,mcv,428,0.8,8,28,4,19,4,17,2,3,1,9.484003998809566,1.9785797402403862
mcv:385,mcv,400,0.7,7,29,13,28,11,19,9,6,5,164.0108280608248,104.61852939050925
mcv:2063,mcv,292,0.1,1,2,0,1,0,1,0,0,0,0.2198679415600795,0.0
fd:443,fd,27,0.5,5,10,0,5,0,5,0,0,0,0.07715045049028824,0.0
mcv:632,mcv,462,0.1,1,5,0,2,0,1,1,0,0,0.09621759167522925,0.0
mcv:339,mcv,218,0.4,4,26,2,24,1,13,8,0,0,2.5539390684295613,1.1102230246251565e-15
fd:461,fd,27,0.5,5,5,0,5,0,5,0,0,0,0.04006158637320789,0.0
mcv:714,mcv,314,0.4,4,17,3,11,2,10,1,1,1,0.8149953570186721,-0.011444226829355086
fd:107,fd,27,0.7,7,13,1,7,0,7,0,0,0,0.07077765510242795,0.0
mcv:1025,mcv,856,0.9,9,28,8,22,6,21,1,6,0,1.9455578708057872,0.6513328706939665
fd:6,fd,27,0.7,7,44,12,14,6,14,0,6,0,0.013733671154529725,0.005183527221793938
fd:134,fd,27,0.7,7,18,3,8,2,8,0,2,0,0.010047208645463712,0.002747612692617585
mcv:268,mcv,2382,0.5,5,28,7,17,2,17,0,2,0,12.601001907722134,0.29825383313614284
fd:619,fd,27,0.2,2,5,1,3,1,3,0,1,0,0.014445950394311513,0.007444027846371437
fd:463,fd,27,0.1,1,3,0,2,0,2,0,0,0,0.0001199172551766825,0.0
mcv:771,mcv,410,0.1,1,5,0,4,0,2,2,0,0,0.05296967661926333,0.0
mcv:353,mcv,270,0.8,8,44,12,21,3,13,1,3,0,4.571461944316104,0.0010609863167323486
fd:118,fd,41,0.7,7,12,2,7,1,7,0,0,1,0.03533692601323857,-0.9402266549482761
mcv:789,mcv,886,0.8,8,35,5,23,3,17,6,1,2,8.481781610782477,0.3325647434144614
mcv:188,mcv,814,0.2,2,12,4,6,4,6,0,1,3,4.001447182282694,-240.53237943286499
mcv:1747,mcv,340,0.3,3,7,2,3,1,3,0,0,1,0.8517002366035216,-0.5334555051217649
fd:182,fd,27,0.6,6,16,8,6,0,6,0,0,0,0.0059739757252530445,0.0
fd:612,fd,27,0.5,5,5,0,5,0,5,0,0,0,0.040666424577347815,0.0
mcv:2003,mcv,480,0.7,7,13,1,9,0,7,2,0,0,0.9145360380707122,0.0
fd:557,fd,27,0.3,3,8,1,3,0,3,0,0,0,0.0003512635552063159,0.0
fd:319,fd,27,0.5,5,8,2,5,0,5,0,0,0,1.3840060915712304,0.0
fd:84,fd,27,0.1,1,4,1,1,0,1,0,0,0,0.00011717838640468159,0.0
fd:456,fd,27,0.4,4,7,1,4,1,4,0,0,1,0.14073924257259285,-0.1765726397411269
fd:575,fd,27,0.2,2,4,0,2,0,2,0,0,0,0.027928374218716412,0.0
mcv:1075,mcv,362,0.7,7,24,4,14,4,14,0,4,0,0.6526693998632631,0.19729607743926358
mcv:739,mcv,148,0.1,1,5,0,2,0,2,0,0,0,0.03484266143240111,0.0
fd:614,fd,41,0.2,2,4,0,2,0,2,0,0,0,0.009774216569675254,0.0
mcv:1111,mcv,384,0.5,5,15,5,9,4,9,0,1,0,18.20410530009493,0.021404101643780038
fd:22,fd,27,0.6,6,28,8,14,2,10,4,0,2,0.11201295825805024,-0.031342936967971635
fd:504,fd,27,0.6,6,11,1,6,1,6,0,1,0,0.039703779415718454,0.0063833751996758
mcv:156,mcv,430,0.3,3,22,2,19,2,14,5,1,1,0.8257219323330103,-0.0822550220544751
mcv:830,mcv,322,0.3,3,11,4,3,1,3,0,0,1,1.68598802090372,-0.3392410130987349
mcv:174,mcv,728,0.2,2,14,2,12,1,8,4,1,0,5.531678296306808,16.055884326204726
fd:113,fd,27,0.2,2,7,1,2,0,2,0,0,0,0.03658288827032585,0.0
fd:488,fd,41,0.8,8,20,4,13,3,13,0,2,1,1.068017548430734,-16.356078607351286
mcv:1452,mcv,336,0.1,1,3,1,1,1,1,0,1,0,0.09369227401455049,0.056228367835732485
mcv:439,mcv,170,0.2,2,10,2,7,2,3,4,1,1,0.11237544186904724,-0.038573517839211924
mcv:1104,mcv,340,0.4,4,15,1,4,0,4,0,0,0,0.3023636650067232,0.0
mcv:1406,mcv,222,0.5,5,16,4,5,1,5,0,0,1,1.368165623881298,-0.07694562673003569
mcv:1351,mcv,434,0.6,6,21,3,14,2,8,6,1,1,1.0709388912490798,0.2985015210245834
mcv:1061,mcv,388,0.4,4,13,3,4,1,4,0,1,0,0.28158583623974076,0.8812243402299149
mcv:167,mcv,196,0.1,1,5,3,4,1,3,1,0,1,0.9805514214399282,-0.0036356084931314925
mcv:295,mcv,200,0.6,6,36,6,21,4,15,6,0,4,4.95900289437405,-0.0589671085891188
mcv:1561,mcv,170,0.9,9,23,4,17,1,15,2,1,0,0.9125196249112244,0.052244489125023996
mcv:960,mcv,218,0.8,8,35,5,18,2,18,0,2,0,4.267898116355337,0.6207723318076381
fd:261,fd,27,0.1,1,1,1,1,0,1,0,0,0,0.00013183405001115922,0.0
fd:426,fd,27,0.4,4,10,2,5,1,5,0,0,1,0.001388186301402472,-0.00020809020709422477
fd:664,fd,27,0.4,4,7,1,4,1,4,0,0,1,0.0010787556618803151,-0.0006240111806228299
fd:554,fd,27,0.6,6,10,2,6,0,6,0,0,0,0.028930163920716012,0.0
mcv:743,mcv,196,0.1,1,4,1,4,1,3,1,0,1,0.5547230902441223,-2.8579013498249424
mcv:926,mcv,218,0.2,2,8,2,4,1,4,0,0,1,0.05483662225984198,-0.3065345674602016
fd:200,fd,41,0.6,6,6,0,6,0,6,0,0,0,0.034060725201871866,0.0
mcv:2201,mcv,434,0.8,8,8,0,8,0,8,0,0,0,21.968550827706153,0.0
fd:145,fd,41,0.1,1,2,1,2,1,2,0,0,1,0.00014002878534036256,-7.43091541499652e-05
fd:209,fd,41,0.3,3,3,0,3,0,3,0,0,0,0.4177072175653973,0.0
mcv:1783,mcv,392,0.2,2,5,1,2,0,2,0,0,0,0.43039385282067477,0.0
mcv:169,mcv,170,0.1,1,7,1,5,1,3,2,0,1,0.02709951409149447,-0.12005319421547944
mcv:953,mcv,196,0.3,3,13,2,7,0,3,0,0,0,0.6033054229387442,0.0
fd:227,fd,27,0.8,8,15,1,13,1,13,0,1,0,0.9400861841898667,0.11007817064121972
fd:172,fd,27,0.4,4,18,2,9,0,7,2,0,0,0.013638388171184568,0.0
mcv:416,mcv,344,0.1,1,6,0,4,0,3,1,0,0,0.09060304741980119,0.0
fd:419,fd,41,0.1,1,1,0,1,0,1,0,0,0,0.00012265618077367257,0.0
mcv:2167,mcv,322,0.2,2,2,0,2,0,2,0,0,0,0.05876588806913774,0.0
mcv:553,mcv,456,0.6,6,27,9,16,4,12,4,3,1,3.8982581152212985,0.2954015699712409
mcv:498,mcv,432,0.2,2,7,5,6,4,5,1,1,3,7.668358312901961,-0.2649744977574109
fd:65,fd,27,0.5,5,5,0,5,0,5,0,0,0,0.0010857508364203738,0.0
mcv:1456,mcv,170,0.6,6,22,2,16,0,10,6,0,0,0.5278241688893857,0.0
fd:730,fd,27,0.1,1,1,0,1,0,1,0,0,0,0.000197939884215792,0.0
fd:556,fd,27,0.2,2,2,0,2,0,2,0,0,0,0.03254484124216517,0.0
fd:620,fd,27,0.2,2,6,0,3,0,3,0,0,0,0.0002984539881774051,0.0
mcv:263,mcv,548,0.9,9,52,11,50,11,40,9,9,2,122.41978907533682,-1.2015183184595721
mcv:754,mcv,218,0.3,3,11,4,4,0,4,0,0,0,0.7641342381916563,0.0
mcv:809,mcv,500,0.9,9,34,11,31,10,27,4,7,3,2.8063487311470174,0.35811675796057907
mcv:928,mcv,650,0.1,1,3,2,3,2,2,1,1,1,0.5477157440872089,-0.00655176000752733
mcv:336,mcv,174,0.1,1,5,2,3,2,2,1,1,1,0.33368063218603217,-0.014415591475820166
mcv:107,mcv,278,0.8,8,50,14,50,14,38,12,12,2,42.07526017159448,113.5926375602118
mcv:226,mcv,252,0.9,9,57,6,55,6,30,25,2,4,113.90562901024323,0.0059205816465446315
mcv:1730,mcv,692,0.4,4,9,3,6,2,6,0,1,1,0.6846533573308526,-0.006559061681624456
fd:302,fd,27,0.3,3,8,1,3,0,3,0,0,0,0.06611299475742016,0.0
fd:714,fd,27,0.6,6,12,0,6,0,6,0,0,0,0.029230263744303375,0.0
mcv:665,mcv,664,0.4,4,15,5,9,1,9,0,0,1,1.2237786695623416,-0.028833976787348226
fd:659,fd,27,0.5,5,5,0,5,0,5,0,0,0,0.0017343666058289298,0.0
fd:366,fd,27,0.2,2,3,1,2,0,2,0,0,0,0.006066088303400052,0.0
fd:430,fd,27,0.5,5,12,3,10,2,8,2,1,1,0.001589275234193499,-2.4193580744125143e-05
mcv:674,mcv,296,0.7,7,27,8,9,1,9,0,1,0,8.33950265298766,0.3568380158149267
mcv:2004,mcv,388,0.6,6,12,0,6,0,6,0,0,0,3.952249313934462,0.0
mcv:1348,mcv,434,0.4,4,12,4,4,0,4,0,0,0,0.3974487775236806,0.0
mcv:1595,mcv,170,0.7,7,18,3,12,3,12,0,2,1,0.6212800091598718,-0.012596759667982349
fd:451,fd,27,0.8,8,8,0,8,0,8,0,0,0,0.32838311764147554,0.0
fd:222,fd,27,0.3,3,14,1,3,0,3,0,0,0,0.07160634176324909,0.0
mcv:530,mcv,414,0.8,8,38,10,22,4,16,6,2,2,19337.782683320962,2380.6785569922267
mcv:1076,mcv,594,0.8,8,24,8,11,2,8,3,0,2,12.12320002856096,-0.08176645543465444
mcv:1195,mcv,496,0.6,6,20,4,12,3,10,2,0,3,0.5974453780072728,-0.08951803260137758
mcv:1314,mcv,340,0.5,5,18,2,6,1,6,0,0,1,1.7608564720428799,-0.5160411760227903
mcv:1860,mcv,278,0.8,8,13,3,8,0,8,0,0,0,7.7792696746706875,0.0
fd:524,fd,27,0.1,1,1,0,1,0,1,0,0,0,0.02956043631798444,0.0
mcv:1213,mcv,808,0.7,7,26,2,15,1,10,5,1,0,15.379693103587089,2.438067806937198
mcv:1997,mcv,406,0.6,6,11,1,8,1,8,0,1,0,1.9875642749837046,0.10620595584303572
mcv:1396,mcv,196,0.4,4,10,6,5,5,4,1,2,3,0.08992360460564952,0.04087664809101277
mcv:1341,mcv,148,0.2,2,7,1,3,0,3,0,0,0,0.05240847630248968,0.0
fd:69,fd,27,0.4,4,4,0,4,0,4,0,0,0,0.10592473435800431,0.0
mcv:1999,mcv,366,0.7,7,13,1,7,0,7,0,0,0,4.598035947875838,0.0
fd:142,fd,27,0.3,3,11,1,3,0,3,0,0,0,0.0011371571766234378,0.0
mcv:813,mcv,288,0.2,2,9,1,5,1,5,0,1,0,1.3000371798723784,3.7608220981866225e-09
fd:688,fd,27,0.4,4,4,0,4,0,4,0,0,0,0.0018517392371051322,0.0
fd:151,fd,27,0.7,7,15,6,7,2,7,0,2,0,0.529794204125009,0.2938657650959744
mcv:1725,mcv,1350,0.2,2,5,1,3,1,3,0,1,0,0.34509256316452297,0.03842772291148422
mcv:413,mcv,384,0.7,7,35,7,16,4,12,2,1,0,2.253102707731703,0.335773790464708
fd:53,fd,27,0.6,6,23,1,9,0,9,0,0,0,0.0011762771617607193,0.0
mcv:1563,mcv,458,0.2,2,4,2,3,1,2,1,0,1,0.2194661376986593,-0.4492491477013292
mcv:1389,mcv,318,0.5,5,15,5,11,1,11,0,1,0,1.069199325743657,0.08479238598489247
mcv:187,mcv,148,0.2,2,12,4,12,4,9,3,1,3,0.44221881094690163,3.4045646468753032
fd:599,fd,27,0.7,7,14,0,12,0,12,0,0,0,0.36576668769024034,0.0
mcv:251,mcv,296,0.3,3,16,5,12,3,12,0,3,0,0.14272733895301704,0.02082824082281176
fd:126,fd,27,0.4,4,15,1,6,0,6,0,0,0,0.01673224926439998,0.0
mcv:1581,mcv,170,0.3,3,7,2,7,1,5,2,1,0,0.07222755151426363,4.088449756523005e-08
mcv:1773,mcv,462,0.2,2,6,0,2,0,2,0,0,0,0.7301603644016437,0.0
mcv:1663,mcv,304,0.9,9,22,5,17,2,17,0,1,1,12.876286490090369,-0.17355916118942027
fd:574,fd,27,0.1,1,2,0,1,0,1,0,0,0,0.002896651324868049,0.0
mcv:644,mcv,986,0.7,7,26,9,15,3,8,7,0,3,2.617988697384259,-0.14854163639790485
mcv:1135,mcv,504,0.6,6,21,3,16,3,12,4,1,2,1.2079380691465789,-0.002265017062575092
fd:110,fd,27,0.3,3,6,0,3,0,3,0,0,0,0.029012623720871433,0.0
fd:55,fd,27,0.1,1,1,0,1,0,1,0,0,0,0.025926224829531552,0.0
mcv:1400,mcv,174,0.1,1,4,0,1,0,1,0,0,0,0.07181823817539112,0.0
mcv:1519,mcv,388,0.5,5,13,2,6,1,6,0,1,0,0.40223833132838505,1.0855763771143216
fd:201,fd,41,0.1,1,3,0,1,0,1,0,0,0,0.40773636222874976,0.0
mcv:1885,mcv,1260,0.5,5,10,0,5,0,5,0,0,0,7.893909705565248,0.0
mcv:1055,mcv,362,0.1,1,2,2,1,2,1,0,1,1,0.1244031722654384,-0.011510678129318386
mcv:1894,mcv,196,0.1,1,2,0,1,0,1,0,0,0,0.02173180749406023,0.0
mcv:2040,mcv,606,0.2,2,2,2,2,2,2,0,0,2,0.1592461217006993,-0.05526587280425588
mcv:182,mcv,244,0.4,4,25,7,19,4,11,8,2,2,2.8432140034187503,-0.10431150508837339
mcv:1512,mcv,256,0.6,6,16,2,8,1,6,2,0,1,1.8046010789636315,-0.24092718886195774
mcv:310,mcv,694,0.2,2,13,1,10,1,9,1,1,0,0.7991953448570088,0.16937902504410696
mcv:145,mcv,218,0.5,5,30,10,28,9,21,7,8,1,2.5674670145869514,0.5070486487156276
mcv:984,mcv,300,0.9,9,40,5,22,0,22,0,0,0,258.43149838957146,0.0
fd:313,fd,27,0.6,6,20,10,10,5,9,1,2,3,0.0013413026834510067,-0.0018061171868339887
mcv:447,mcv,388,0.7,7,33,9,21,6,17,4,2,4,1.3090115709304102,-0.2950036806751133
mcv:566,mcv,244,0.1,1,6,0,3,0,2,1,0,0,0.1841572724089846,0.0
mcv:1713,mcv,252,0.8,8,15,9,12,7,12,0,7,0,3.466258152904906,1.9986461461351988
fd:441,fd,27,0.4,4,11,1,5,0,5,0,0,0,0.08063008275611261,0.0
mcv:1057,mcv,410,0.6,6,19,5,12,2,7,5,0,2,0.9371349581616424,-0.12552616821252216
mcv:1350,mcv,694,0.1,1,3,1,1,0,1,0,0,0,0.4086522010130078,0.0
fd:276,fd,41,0.6,6,15,3,6,0,6,0,0,0,0.08932037150521399,0.0
mcv:410,mcv,278,0.4,4,20,4,19,2,15,4,1,1,1.109935118671915,0.03139816350218538
mcv:474,mcv,1926,0.3,3,16,2,8,1,6,2,0,1,1.5432848734969065,-0.8892077132076559
mcv:1377,mcv,572,0.9,9,27,9,21,6,21,0,6,0,5.023003804373843,0.46205360476690793
mcv:1441,mcv,696,0.6,6,22,2,7,0,7,0,0,0,4.067042246803523,0.0
mcv:1023,mcv,684,0.3,3,12,0,9,0,3,6,0,0,0.37951734827119155,0.0
mcv:1087,mcv,454,0.4,4,13,3,5,1,5,0,1,0,0.3208322440578144,0.28000214623986874
fd:361,fd,27,0.5,5,17,3,7,0,7,0,0,0,0.026965587062821816,0.0
mcv:1816,mcv,1284,0.1,1,3,0,1,0,1,0,0,0,0.3472852738792396,0.0
mcv:1761,mcv,512,0.1,1,2,1,1,1,1,0,0,1,0.06914674324024128,-0.399462005791549
mcv:1880,mcv,300,0.6,6,11,1,7,0,7,0,0,0,9.801844968230538,0.0
fd:626,fd,27,0.4,4,7,1,4,0,4,0,0,0,0.010086808980032114,0.0
mcv:168,mcv,314,0.1,1,6,2,3,2,2,1,0,2,0.2617267119706672,-0.8135868053165429
fd:244,fd,27,0.5,5,9,1,5,0,5,0,0,0,0.03946594894871658,0.0
mcv:497,mcv,862,0.1,1,5,1,5,1,4,1,0,1,0.7334556165484785,-0.6569963447521596
fd:317,fd,41,0.2,2,2,0,2,0,2,0,0,0,0.15796513462891237,0.0
mcv:1281,mcv,352,0.5,5,16,4,11,3,11,0,3,0,18.362753803130108,8.36697143005598
mcv:332,mcv,218,0.1,1,6,1,4,0,3,1,0,0,0.30720225457498773,0.0
mcv:451,mcv,170,0.3,3,17,1,10,1,8,2,1,0,0.14022645279731671,0.01828384420124629
mcv:396,mcv,492,0.2,2,10,2,6,2,6,0,2,0,0.3124894617132743,0.01028101649516211
fd:527,fd,27,0.3,3,3,0,3,0,3,0,0,0,0.031106411076945895,0.0
mcv:908,mcv,492,0.2,2,8,2,6,2,5,0,0,2,22.451336658751185,-0.17774867405076034
mcv:1045,mcv,362,0.7,7,26,2,18,0,14,4,0,0,3.7990072315236296,0.0
fd:621,fd,41,0.6,6,16,2,7,0,6,1,0,0,0.04020039909028106,0.0
mcv:1411,mcv,1052,0.2,2,7,1,4,1,4,0,1,0,0.5367014545291195,3.502606550161792
fd:56,fd,27,0.2,2,11,3,4,3,3,1,2,1,0.0027808581013224476,-0.013226904683428353
mcv:1139,mcv,362,0.4,4,15,1,6,0,5,1,0,0,0.4365097278967056,0.0
mcv:1358,mcv,274,0.3,3,8,4,7,2,3,4,0,2,1.9621343186206774,-0.01793980478703383
mcv:238,mcv,608,0.1,1,6,1,4,0,2,2,0,0,0.19305128250020842,0.0
fd:241,fd,27,0.1,1,1,0,1,0,1,0,0,0,0.00018077727513921005,0.0
mcv:1095,mcv,304,0.2,2,6,2,3,1,3,0,1,0,4.119229863261385,3.048162744434535e-08
mcv:613,mcv,218,0.3,3,16,2,9,0,9,0,0,0,1.6252131945227448,0.0
fd:24,fd,27,0.7,7,14,0,7,0,7,0,0,0,0.8645481945649045,0.0
mcv:878,mcv,362,0.1,1,5,0,5,0,2,3,0,0,0.15337979490426012,0.0
fd:97,fd,27,0.2,2,3,1,2,0,2,0,0,0,0.07061077441691443,0.0
mcv:832,mcv,1500,0.8,8,34,6,22,1,21,1,1,0,10.401150170577909,0.34693884669340824
mcv:777,mcv,170,0.1,1,4,1,2,0,2,0,0,0,0.02168271736257843,0.0
fd:353,fd,27,0.2,2,5,1,3,1,2,1,0,1,0.008475554730716262,-0.0032080449390106125
mcv:1262,mcv,620,0.6,6,22,2,9,0,9,0,0,0,26.11185563150603,0.0
mcv:1326,mcv,196,0.5,5,18,2,5,1,5,0,1,0,1.823164590541778,2.491170936202991e-08
fd:481,fd,27,0.2,2,3,1,2,0,2,0,0,0,0.15796513462891237,0.0
mcv:1399,mcv,736,0.2,2,6,2,2,0,2,0,0,0,6.838549569116407,0.0
mcv:87,mcv,418,0.5,5,36,4,26,4,21,5,2,2,4.9236916655915435,-1.7494294723412636
fd:90,fd,27,0.7,7,13,1,7,0,7,0,0,0,0.02400425017177521,0.0
mcv:7,mcv,738,0.3,3,27,6,27,6,10,11,0,4,6.930092312312029,-1.9943460990638755
mcv:1401,mcv,460,0.2,2,7,1,5,1,3,2,1,0,0.37821655079236693,0.0012182350669203146
mcv:1346,mcv,540,0.3,3,7,5,4,3,4,0,0,3,0.7108404198027343,-0.07194594253102582
mcv:34,mcv,536,0.2,2,12,8,10,8,8,2,4,4,1.1808514721710126,-0.1043981135964982
mcv:1248,mcv,340,0.3,3,9,3,7,2,6,1,0,2,1.9806194174481888,-0.04084628607135676
mcv:601,mcv,548,0.5,5,25,5,13,2,9,4,1,1,16.759100817690438,-2.04684039384757
mcv:1266,mcv,304,0.5,5,16,4,8,2,7,1,0,2,0.21155838323411813,-8.865001621671809e-09
fd:3,fd,41,0.7,7,44,12,13,2,7,6,0,2,0.03592773953257722,-0.02127336393604118
mcv:219,mcv,704,0.2,2,9,5,8,3,7,1,3,0,0.7926521164129381,0.1560164356242275
mcv:884,mcv,244,0.3,3,13,2,5,0,3,2,0,0,0.32193090726795504,0.0
mcv:1241,mcv,844,0.2,2,5,3,3,2,2,1,0,2,0.7112821945790713,-0.3472925332455028
fd:332,fd,27,0.1,1,1,0,1,0,1,0,0,0,0.017569586684623717,0.0
mcv:2043,mcv,292,0.3,3,6,0,5,0,3,2,0,0,0.685067893582108,0.0
mcv:130,mcv,288,0.1,1,4,4,4,3,3,1,1,2,0.04172118214585274,0.002941654317797804
fd:124,fd,27,0.8,8,34,6,14,2,13,1,2,0,0.02104818319173196,0.0033914262471943513
mcv:258,mcv,218,0.2,2,12,2,11,2,7,4,1,1,0.6503817520004957,-2.9341221948087082e-05
mcv:987,mcv,484,0.5,5,19,6,11,3,10,1,3,0,0.6161139223928569,0.266295302813508
mcv:212,mcv,532,0.2,2,13,1,13,1,11,2,0,1,3.328341647056817,-9.602900163940831e-08
fd:270,fd,27,0.3,3,3,0,3,0,3,0,0,0,0.000491837703046949,0.0
mcv:587,mcv,400,0.1,1,6,0,2,0,1,0,0,0,0.15179705187326897,0.0
mcv:1078,mcv,322,0.7,7,23,5,7,0,7,0,0,0,0.5563489912440707,0.0
mcv:1444,mcv,940,0.1,1,2,2,1,1,1,0,1,0,0.5476715749229422,0.23609709647736743
mcv:123,mcv,148,0.2,2,11,5,10,5,9,1,0,5,0.09746168361841256,-0.10133936704924795
mcv:2118,mcv,148,0.1,1,2,0,2,0,1,1,0,0,0.02932468830118773,0.0
mcv:1199,mcv,812,0.2,2,7,1,3,0,3,0,0,0,0.3151397803800189,0.0
mcv:61,mcv,358,0.1,1,8,1,8,1,5,2,1,0,1.7105043732689609,1.5708654554913437e-07
fd:128,fd,27,0.4,4,16,4,9,1,8,1,1,0,0.0007456249263508852,9.997583195353599e-05
mcv:326,mcv,292,0.2,2,11,3,11,3,8,3,2,1,0.2676061357087347,-0.008746227319787803
mcv:1229,mcv,288,0.1,1,3,1,1,0,1,0,0,0,0.026375663799056648,0.0
fd:329,fd,27,0.4,4,7,1,4,0,4,0,0,0,0.010106694840875008,0.0
mcv:1183,mcv,318,0.1,1,3,1,2,1,2,0,0,1,0.04460389433963252,-0.011439043744776667
fd:704,fd,27,0.2,2,2,0,2,0,2,0,0,0,0.05036244498104603,0.0
mcv:902,mcv,652,0.2,2,9,1,4,1,3,1,0,1,2.6255407712267624,-0.020979093323634235
mcv:191,mcv,348,0.6,6,33,9,19,4,9,10,1,3,0.5922605915467001,-0.10714155795251523
mcv:1158,mcv,462,0.1,1,4,0,3,0,2,1,0,0,0.13102544371595393,0.0
mcv:383,mcv,278,0.4,4,20,4,6,0,6,0,0,0,7.292644963199571,0.0
fd:203,fd,41,0.1,1,1,0,1,0,1,0,0,0,0.1524824511417937,0.0
fd:267,fd,27,0.2,2,4,0,2,0,2,0,0,0,0.00029845512880743996,0.0
mcv:1258,mcv,296,0.6,6,20,4,16,2,16,0,1,1,0.7208917483593782,19.157463154379794
mcv:1569,mcv,196,0.2,2,5,1,3,0,3,0,0,0,0.05779351749137862,0.0
fd:242,fd,27,0.2,2,4,0,2,0,2,0,0,0,0.00036111176535991163,0.0
mcv:440,mcv,196,0.6,6,33,3,12,2,10,2,0,2,1.1428744483450246,-0.1558026596953912
fd:205,fd,27,0.4,4,6,2,4,2,4,0,0,2,0.012790236423668944,-0.007946709011574349
mcv:1306,mcv,646,0.2,2,4,4,3,4,3,0,2,2,0.3536671292797664,-0.12640024015614615
mcv:49,mcv,544,0.1,1,5,4,5,3,3,2,2,1,0.17823012153363993,-0.5050856458385382
mcv:424,mcv,218,0.6,6,28,8,15,3,10,5,2,1,1.9365937506117181,0.04265126446495193
mcv:1226,mcv,288,0.1,1,4,0,1,0,1,0,0,0,0.18426734193801986,0.0
mcv:2065,mcv,244,0.1,1,2,0,2,0,2,0,0,0,0.11818397049420981,0.0
mcv:1372,mcv,626,0.6,6,24,0,12,0,10,2,0,0,1.128015678264047,0.0
mcv:1555,mcv,196,0.1,1,3,0,1,0,1,0,0,0,0.02484737072618448,0.0
fd:109,fd,27,0.2,2,6,0,2,0,2,0,0,0,0.014848487365246577,0.0
mcv:1082,mcv,550,0.1,1,3,1,2,0,2,0,0,0,0.8846369671432934,0.0
mcv:1036,mcv,318,0.1,1,4,0,2,0,2,0,0,0,0.040787680582621944,0.0
mcv:1765,mcv,366,0.2,2,5,1,2,0,2,0,0,0,0.17028500163232607,0.0
mcv:444,mcv,378,0.4,4,19,5,19,5,7,12,5,0,2.299024758146351,0.13829488216737196
mcv:389,mcv,408,0.3,3,13,5,10,4,10,0,4,0,5.599023756460195,1.3849398222256757
fd:447,fd,41,0.2,2,6,2,4,1,3,1,0,1,0.0004261325432384222,-0.00014281494760437496
fd:29,fd,27,0.4,4,15,1,10,1,7,3,0,1,0.0064104748115765275,-0.009604510015831735
mcv:526,mcv,378,0.1,1,5,1,2,0,1,1,0,0,0.41832378306259477,0.0
mcv:1029,mcv,830,0.3,3,11,1,8,0,8,0,0,0,2.9306931382952666,0.0
fd:550,fd,41,0.4,4,10,2,5,2,4,1,1,1,0.0019224110415534401,0.0002313017324657718
mcv:110,mcv,148,0.1,1,4,4,4,3,2,2,1,2,0.03910008825502609,-1.3579085989998272
mcv:1214,mcv,1282,0.1,1,2,2,1,1,1,0,1,0,0.5309010345335359,0.0022246884254368826
mcv:1552,mcv,218,0.5,5,14,1,5,1,5,0,0,1,0.42072256037468003,-0.14566856547249252
mcv:1671,mcv,2142,0.2,2,5,1,5,1,4,1,1,0,4.14571680730316,0.013168178838345534
fd:115,fd,27,0.5,5,16,4,5,0,5,0,0,0,0.051067431066161406,0.0
mcv:1207,mcv,804,0.2,2,4,4,2,1,2,0,0,1,0.562980266859971,-0.21161164165284285
mcv:368,mcv,668,0.3,3,13,5,11,4,7,4,1,3,1.3976481333388722,-0.07026614598557912
mcv:1991,mcv,576,0.3,3,5,1,4,1,4,0,1,0,175.76478087979729,0.04424522052061852
mcv:1280,mcv,602,0.1,1,3,1,2,0,1,1,0,0,0.16795329362099798,0.0
mcv:1225,mcv,480,0.2,2,6,2,5,1,4,1,0,1,0.7262560964972333,-1.1026678297692958
fd:618,fd,41,0.3,3,8,1,5,1,4,1,1,0,0.004219571225438923,0.0009511426550914415
mcv:32,mcv,322,0.4,4,35,5,27,5,16,11,2,3,321.7678375575474,-0.0530078102850966
mcv:224,mcv,292,0.1,1,6,1,5,0,2,3,0,0,0.9910290332589544,0.0
mcv:2210,mcv,292,0.4,4,4,0,4,0,4,0,0,0,9.968998199100394,0.0
fd:218,fd,27,0.3,3,12,0,8,0,5,3,0,0,0.0035511204953737607,0.0
fd:465,fd,27,0.4,4,4,0,4,0,4,0,0,0,0.055214638048761255,0.0
mcv:16,mcv,304,0.4,4,32,8,32,8,18,14,4,4,3.145814691313329,0.0242031673272185
mcv:763,mcv,218,0.3,3,12,3,8,1,8,0,0,1,0.5541109968884703,-0.0011651223892352736
mcv:281,mcv,178,0.1,1,6,1,4,0,3,1,0,0,1.8677133652944218,0.0
mcv:1156,mcv,270,0.2,2,5,3,2,1,2,0,1,0,0.15167292947497124,5.62517779023608e-08
mcv:1275,mcv,244,0.1,1,4,0,1,0,1,0,0,0,0.21461945297805363,0.0
mcv:18,mcv,174,0.1,1,9,1,9,1,4,5,0,1,0.23844453856396552,-0.028963916532593226
mcv:146,mcv,942,0.4,4,23,9,12,8,9,3,3,5,0.9761279094194426,-2.007595281126132
fd:140,fd,27,0.2,2,5,1,2,0,2,0,0,0,0.00031449332259247953,0.0
fd:533,fd,27,0.2,2,2,0,2,0,2,0,0,0,0.0003752351492209982,0.0
mcv:2,mcv,218,0.2,2,18,6,18,6,13,4,3,2,2.5113936135970034,-103.40006793008094
fd:542,fd,27,0.2,2,2,0,2,0,2,0,0,0,0.00952535248330122,0.0
mcv:1588,mcv,196,0.3,3,7,2,4,2,3,1,0,2,0.0802437065655881,-0.028538304175453222
mcv:1469,mcv,440,0.1,1,3,0,3,0,2,1,0,0,3.7647778349712926,0.0
fd:325,fd,41,0.4,4,8,0,4,0,4,0,0,0,0.03768374314937839,0.0
mcv:1197,mcv,218,0.3,3,9,3,4,0,3,1,0,0,0.2819628094340447,0.0
mcv:1380,mcv,366,0.2,2,7,1,2,1,2,0,1,0,1.0025940359847574,0.26351524156682427
fd:352,fd,27,0.5,5,20,5,10,3,8,2,2,1,0.0012677252061286115,0.0004920685893767818
mcv:550,mcv,606,0.3,3,16,2,7,1,7,0,0,1,37.85199479965021,-0.04086847585137843
fd:25,fd,27,0.1,1,2,0,1,0,1,0,0,0,0.0455534108871396,0.0
mcv:1654,mcv,1088,0.2,2,5,1,4,0,4,0,0,0,0.9418542128437046,0.0
fd:510,fd,41,0.2,2,2,0,2,0,2,0,0,0,0.03803329233312214,0.0
mcv:1181,mcv,148,0.2,2,5,3,4,1,3,1,1,0,0.03946882947696073,2.9180613703161384e-08
fd:281,fd,41,0.2,2,9,1,5,1,5,0,0,1,0.00032611765665424564,-5.5041034203284767e-05
mcv:52,mcv,170,0.2,2,15,3,15,3,9,6,2,1,8.89724016789346,-0.2680832440634575
mcv:308,mcv,170,0.1,1,7,0,6,0,1,5,0,0,0.025046116832386778,0.0
mcv:253,mcv,270,0.4,4,19,9,17,9,14,3,6,3,1.181400564689376,0.013013995613994078
fd:457,fd,27,0.2,2,2,0,2,0,2,0,0,0,0.008991152194569807,0.0
mcv:600,mcv,288,0.2,2,8,4,3,2,3,0,1,1,0.29691472194678714,1.0428793828509697e-08
mcv:438,mcv,170,0.2,2,7,5,6,3,5,1,0,3,0.15697516957704294,-0.5789965623040052
fd:322,fd,27,0.4,4,17,3,9,2,8,1,0,2,0.06847160501120886,-0.10495438464616447
mcv:703,mcv,496,0.3,3,11,4,5,2,5,0,2,0,5.088716228121238,1.1846445090116025
mcv:602,mcv,482,0.1,1,5,1,3,1,2,1,0,1,0.10634446799567887,-0.03904420685462795
fd:532,fd,27,0.3,3,5,1,3,0,3,0,0,0,0.016755727305515222,0.0
mcv:904,mcv,600,0.6,6,20,10,13,5,9,4,3,2,4.499569709257193,0.053952486547972134
fd:306,fd,27,0.4,4,4,0,4,0,4,0,0,0,0.0015411180801725433,0.0
mcv:1251,mcv,274,0.2,2,4,4,3,2,3,0,1,1,0.5834486997367798,-0.0063276488595906955
mcv:113,mcv,218,0.1,1,5,3,5,1,4,1,1,0,0.1984808831344782,1.4895842337381282e-09
fd:162,fd,27,0.1,1,2,2,1,1,1,0,0,1,0.018169201719369088,-0.12793847104277667
fd:454,fd,27,0.1,1,3,0,1,0,1,0,0,0,0.0002927140686861396,0.0
fd:637,fd,27,0.4,4,8,0,4,0,4,0,0,0,0.0006807984119665544,0.0
mcv:844,mcv,362,0.2,2,8,2,2,1,2,0,1,0,0.6085897403997289,0.536261072672984
mcv:382,mcv,388,0.1,1,4,2,3,0,3,0,0,0,0.2918281660907982,0.0
mcv:455,mcv,196,0.1,1,4,2,4,2,3,1,1,1,0.13689305964736587,-0.3145574914809157
fd:513,fd,27,0.3,3,12,0,7,0,4,3,0,0,0.0009349191991563366,0.0
mcv:229,mcv,148,0.1,1,4,3,3,3,1,2,3,0,0.13372630343815683,0.17107200857169436
mcv:348,mcv,200,0.1,1,6,1,4,0,3,1,0,0,3.2869705377690677,0.0
fd:168,fd,27,0.2,2,5,3,4,2,3,1,0,2,0.0007381699517639007,-0.0033393600205433582
mcv:558,mcv,540,0.2,2,9,3,6,2,2,1,0,1,0.1948304157754519,-0.5625933066646063
mcv:567,mcv,314,0.2,2,11,1,7,0,7,0,0,0,1.3887744018268455,0.0
mcv:1253,mcv,340,0.1,1,1,3,1,1,1,0,0,1,0.8698126768457752,-9.601853534491056e-07
mcv:1097,mcv,292,0.1,1,4,0,2,0,2,0,0,0,0.39930189651451387,0.0
mcv:670,mcv,278,0.2,2,8,2,4,1,4,0,1,0,0.09324776401641399,0.03560302647499358
fd:273,fd,27,0.2,2,9,1,4,1,4,0,1,0,0.0003174869940771874,7.784508227848264e-05
fd:428,fd,27,0.3,3,10,2,4,2,4,0,1,1,0.00042630066829829616,0.00017032993471444158
fd:220,fd,27,0.1,1,2,1,1,1,1,0,0,1,0.02630705121192789,-0.14333712580979885
mcv:1312,mcv,690,0.1,1,2,2,1,0,1,0,0,0,0.24632111844165694,0.0
fd:421,fd,27,0.2,2,5,1,2,1,2,0,1,0,0.00021705965422147422,0.00011887951146394293
mcv:82,mcv,300,0.2,2,14,4,7,1,7,0,0,1,0.9871945956837656,-0.0017309508434473209
mcv:1467,mcv,756,0.1,1,3,0,1,0,1,0,0,0,0.30337208723605524,0.0
mcv:1826,mcv,296,0.4,4,12,0,4,0,4,0,0,0,0.3411683457377599,0.0
mcv:1890,mcv,318,0.1,1,2,0,1,0,1,0,0,0,0.46145395441278203,0.0
mcv:1252,mcv,436,0.5,5,15,5,5,4,5,0,0,4,0.9525653546707791,-0.5305741347483273
fd:288,fd,27,0.2,2,4,2,2,0,2,0,0,0,0.014695045747041391,0.0
mcv:59,mcv,244,0.5,5,33,12,25,8,13,12,2,5,12.815712257052143,1.3455491524253782
mcv:1764,mcv,248,0.3,3,9,0,6,0,4,2,0,0,1.127672742689319,0.0
mcv:342,mcv,548,0.2,2,11,3,8,1,6,2,1,0,0.3107112834570269,0.008987102028298555
mcv:845,mcv,410,0.2,2,8,2,7,1,5,2,0,1,1.3392024745084452,-6.023077405557075
fd:183,fd,27,0.3,3,14,4,10,3,7,3,0,3,0.0013459952967140865,-0.002712809226420587
mcv:1711,mcv,750,0.1,1,2,1,2,0,2,0,0,0,1.1307562765924244,0.0
mcv:1000,mcv,148,0.5,5,20,5,20,5,18,2,3,2,0.3204634398970774,0.0006685667005326135
mcv:502,mcv,458,0.1,1,4,2,2,1,2,0,1,0,0.33588165937794723,0.5374653194815284
mcv:2015,mcv,414,0.1,1,2,0,1,0,1,0,0,0,0.22206099784944522,0.0
fd:297,fd,27,0.4,4,7,1,4,0,4,0,0,0,0.012438871901580217,0.0
mcv:275,mcv,218,0.1,1,6,1,6,1,4,2,1,0,0.3154415390244947,0.0035766349673216347
mcv:296,mcv,244,0.2,2,14,0,2,0,2,0,0,0,0.13329035432193548,0.0
mcv:499,mcv,366,0.2,2,6,6,4,3,2,2,3,0,0.14295290511371417,0.26303839242787497
mcv:517,mcv,414,0.2,2,12,0,7,0,7,0,0,0,0.28774811816847645,0.0
mcv:254,mcv,218,0.1,1,7,0,4,0,4,0,0,0,0.057793042168628794,0.0
mcv:1987,mcv,366,0.2,2,4,0,2,0,2,0,0,0,0.08862742871969442,0.0
mcv:1086,mcv,546,0.1,1,3,1,2,1,2,0,0,1,0.33009866915489416,-0.0006027614812678106
mcv:1653,mcv,590,0.1,1,2,1,1,0,1,0,0,0,0.1090356948837925,0.0
mcv:286,mcv,492,0.1,1,4,3,4,3,2,2,1,2,0.3922380005436539,-0.06644434983943315
mcv:423,mcv,196,0.2,2,7,5,2,5,2,0,2,3,0.38548237736091684,0.684727544022957
fd:600,fd,27,0.1,1,2,0,2,0,2,0,0,0,0.022132929310646476,0.0
mcv:633,mcv,948,0.2,2,7,3,4,3,4,0,0,3,1.9415182263970032,-0.5886488726791765
mcv:2192,mcv,340,0.1,1,1,0,1,0,1,0,0,0,0.16129158353377449,0.0
mcv:871,mcv,1236,0.3,3,14,1,8,0,5,3,0,0,0.746337047933427,0.0
mcv:944,mcv,362,0.2,2,7,3,7,3,3,4,1,2,0.12843575066965274,-0.08448987478286996
mcv:1017,mcv,1032,0.3,3,10,2,3,0,3,0,0,0,2.642433462133596,0.0
fd:410,fd,27,0.2,2,2,0,2,0,2,0,0,0,0.2621317794256721,0.0
mcv:1319,mcv,642,0.2,2,6,2,4,1,4,0,1,0,0.38316655564066204,0.03797103970217308
mcv:2039,mcv,378,0.1,1,2,0,1,0,1,0,0,0,0.09238759789286899,0.0
mcv:855,mcv,222,0.1,1,4,1,3,1,2,0,0,1,0.18403256514437283,-0.07433305251105837
mcv:409,mcv,748,0.2,2,9,3,6,2,5,0,2,0,0.2548775201133042,0.002851749983017182
mcv:299,mcv,226,0.1,1,4,3,1,0,1,0,0,0,0.17480350505423048,0.0
fd:21,fd,27,0.2,2,5,1,2,0,2,0,0,0,0.0002512285833431438,0.0
mcv:1122,mcv,174,0.2,2,5,3,2,2,2,0,1,1,0.4463187359960452,0.00425727244972407
mcv:1771,mcv,244,0.2,2,6,0,2,0,2,0,0,0,0.5360825094960289,0.0
fd:508,fd,27,0.2,2,3,3,2,0,2,0,0,0,0.0007447774046562827,0.0
fd:144,fd,27,0.2,2,4,0,2,0,2,0,0,0,0.0035681216073659705,0.0
mcv:159,mcv,574,0.1,1,8,0,8,0,7,1,0,0,0.4034480833555889,0.0
fd:217,fd,27,0.1,1,3,2,1,2,1,0,0,2,0.0002615644449894816,-0.0005293353821855806
mcv:1839,mcv,392,0.1,1,2,0,1,0,1,0,0,0,0.038828751580124665,0.0
mcv:54,mcv,196,0.1,1,8,1,8,1,6,2,0,1,0.672186525823512,-0.03398905473621183
fd:123,fd,27,0.2,2,5,1,2,0,2,0,0,0,0.006372550950894507,0.0
mcv:1151,mcv,532,0.2,2,8,0,4,0,4,0,0,0,0.33112905350473354,0.0
mcv:104,mcv,734,0.3,3,23,1,10,1,6,4,0,1,0.7488169547492849,-0.005376664558594646
fd:525,fd,27,0.1,1,1,1,1,0,1,0,0,0,0.0029661572109285217,0.0
mcv:1763,mcv,436,0.2,2,6,0,4,0,4,0,0,0,0.899278076453387,0.0
fd:381,fd,27,0.2,2,9,1,6,1,6,0,1,0,0.00019786489419626463,3.514746687405257e-05
mcv:1354,mcv,588,0.1,1,3,1,1,0,1,0,0,0,0.3997639713604717,0.0
fd:573,fd,27,0.1,1,2,0,1,0,1,0,0,0,8.97264340677939e-05,0.0
fd:710,fd,27,0.1,1,1,0,1,0,1,0,0,0,0.014825265280252742,0.0
mcv:1155,mcv,196,0.1,1,4,0,2,0,2,0,0,0,0.030659883246631825,0.0
mcv:554,mcv,1102,0.1,1,5,1,2,1,2,0,0,1,1.5802840809333625,-1.7778859526323472
mcv:325,mcv,590,0.1,1,6,1,3,1,3,0,1,0,0.7353788758354183,0.019058924620942497
fd:175,fd,27,0.3,3,3,0,3,0,3,0,0,0,0.03655222150082316,0.0
mcv:876,mcv,196,0.1,1,3,2,2,1,2,0,0,1,0.044939429440074674,-0.024219114596979452
fd:232,fd,27,0.2,2,12,0,8,0,5,3,0,0,0.00034351003668620095,0.0
fd:552,fd,27,0.1,1,2,1,1,1,1,0,0,1,0.004686345580906748,-71.65524169876335
mcv:2080,mcv,404,0.1,1,1,1,1,0,1,0,0,0,0.1277968169162944,0.0
mcv:1143,mcv,218,0.1,1,3,1,2,0,2,0,0,0,0.0683283476419847,0.0
mcv:969,mcv,660,0.2,2,9,1,5,1,5,0,1,0,0.17974646212402456,0.002069765290093173
mcv:1817,mcv,690,0.2,2,6,0,4,0,4,0,0,0,0.19178677155858348,0.0
mcv:142,mcv,626,0.1,1,5,3,3,2,2,1,0,2,0.20908330446974555,-0.3241582581530771
fd:17,fd,41,0.2,2,3,3,2,0,2,0,0,0,0.08535083525993059,0.0
fd:81,fd,27,0.1,1,4,0,2,0,2,0,0,0,0.00015804313881173648,0.0
mcv:1090,mcv,388,0.1,1,3,1,1,0,1,0,0,0,0.12962745174187096,0.0
mcv:992,mcv,170,0.1,1,2,3,2,3,2,0,1,2,0.030047260806355336,-0.023569970929939954
mcv:128,mcv,414,0.2,2,12,4,9,4,5,2,3,1,1.6758730018499643,1.081613088467585
mcv:484,mcv,646,0.1,1,4,2,4,2,2,2,1,1,0.0826710982558303,-0.0058387916728857014
fd:551,fd,41,0.3,3,7,2,5,0,5,0,0,0,0.0007357583407856527,0.0
fd:135,fd,27,0.1,1,3,0,1,0,1,0,0,0,0.004875808241249446,0.0
fd:199,fd,27,0.1,1,1,1,1,0,1,0,0,0,0.021602160711285068,0.0
fd:446,fd,27,0.1,1,1,2,1,1,1,0,0,1,9.99978274454083e-05,-0.0005565769415927235
mcv:781,mcv,218,0.1,1,4,1,3,1,3,0,0,1,0.02749076848756249,-0.011108563737157517
mcv:552,mcv,434,0.1,1,6,0,3,0,3,0,0,0,0.15361168746247933,0.0
fd:512,fd,27,0.1,1,2,0,1,0,1,0,0,0,0.002022328420765662,0.0
mcv:2205,mcv,662,0.1,1,1,0,1,0,1,0,0,0,0.11305370938737846,0.0
mcv:591,mcv,470,0.2,2,8,4,8,4,7,1,2,2,3.629942146030345,1.6673607098705072
mcv:1549,mcv,196,0.2,2,5,1,3,1,3,0,0,1,0.3631264827763816,-0.001005152310406654
mcv:72,mcv,606,0.1,1,6,3,5,3,4,1,1,2,0.19406438677613647,-1.2945157376694387
fd:66,fd,27,0.3,3,12,6,6,3,6,0,2,1,0.0005131696808533537,-3.799007727089965e-05
mcv:273,mcv,750,0.1,1,6,1,5,1,4,1,0,1,0.1246949519255367,-0.06335800538406322
fd:226,fd,27,0.1,1,2,0,1,0,1,0,0,0,0.0008378754514584141,0.0
mcv:1153,mcv,422,0.1,1,4,0,2,0,2,0,0,0,0.17385867654393672,0.0
mcv:225,mcv,314,0.2,2,7,7,5,3,4,1,0,3,0.8027168137079421,-0.9940733719914263
mcv:1674,mcv,708,0.1,1,3,0,2,0,2,0,0,0,0.4917153115105044,0.0
mcv:69,mcv,908,0.1,1,6,3,6,2,4,2,0,2,0.37920538879866683,-0.32968967212077716
mcv:1676,mcv,526,0.1,1,3,0,2,0,2,0,0,0,0.5106919728668571,0.0
mcv:245,mcv,532,0.2,2,12,2,7,0,4,3,0,0,0.20990461182160125,0.0
mcv:85,mcv,170,0.3,3,18,9,18,9,11,7,6,3,0.12741419374744267,0.27136068578759764
mcv:1543,mcv,148,0.1,1,3,0,2,0,1,1,0,0,0.05287817932529859,0.0
fd:362,fd,41,0.1,1,3,0,1,0,1,0,0,0,0.2515864133953123,0.0
mcv:619,mcv,474,0.3,3,12,6,7,0,5,2,0,0,0.49551081610958936,0.0
mcv:210,mcv,392,0.1,1,3,4,3,4,3,0,3,1,0.1767936067038267,0.7206202157852579
mcv:1003,mcv,1974,0.2,2,8,2,4,1,4,0,0,1,1.5376242955616672,-0.03333455582946465
fd:382,fd,27,0.1,1,5,0,4,0,3,1,0,0,0.0002887467804255639,0.0
mcv:1647,mcv,616,0.1,1,2,1,1,1,1,0,0,1,0.15778252159725126,-0.021221578692457888
mcv:927,mcv,244,0.1,1,3,2,1,0,1,0,0,0,0.4607238570234484,0.0
fd:375,fd,27,0.1,1,1,0,1,0,1,0,0,0,0.004229803837923374,0.0
mcv:1231,mcv,524,0.1,1,3,1,1,0,1,0,0,0,0.17929289512880753,0.0
mcv:648,mcv,1242,0.1,1,5,0,5,0,4,1,0,0,0.2617266709240871,0.0
mcv:303,mcv,292,0.1,1,5,2,2,1,2,0,1,0,0.22763861864367274,0.0996546484122991
mcv:202,mcv,486,0.1,1,4,3,4,3,3,1,1,2,0.12377388884905649,-0.21130517973680552
fd:690,fd,27,0.1,1,1,0,1,0,1,0,0,0,8.61926649653455e-05,0.0
fd:694,fd,27,0.2,2,4,0,2,0,2,0,0,0,0.00042237943558554036,0.0
fd:303,fd,27,0.1,1,4,0,1,0,1,0,0,0,0.019062963253515974,0.0
mcv:320,mcv,436,0.1,1,5,2,2,2,2,0,1,1,0.1606239969529646,-0.15816515614754523
mcv:823,mcv,244,0.1,1,5,0,4,0,4,0,0,0,0.08163571310957018,0.0
mcv:1865,mcv,340,0.1,1,1,1,1,0,1,0,0,0,0.028946888114788516,0.0
mcv:916,mcv,218,0.1,1,5,0,1,0,1,0,0,0,0.11297138635750725,0.0
mcv:1585,mcv,218,0.1,1,2,1,1,1,1,0,1,0,0.018968999792251307,1.775739422171796e-08
mcv:529,mcv,322,0.1,1,3,3,2,2,1,1,0,2,0.3149515099809146,-4.23813127336714
mcv:250,mcv,218,0.1,1,6,1,2,0,2,0,0,0,0.059427668426117464,0.0
mcv:488,mcv,288,0.1,1,3,3,3,1,2,1,1,0,0.09316560170027466,2.3104540058938028e-08
mcv:1384,mcv,274,0.1,1,3,1,3,1,2,1,0,1,0.0667948943049883,-0.008908802709638897
fd:603,fd,27,0.1,1,3,0,2,0,2,0,0,0,8.179787880968625e-05,0.0
fd:194,fd,27,0.1,1,4,1,1,1,1,0,1,0,9.320090232223244e-05,0.00010767904703601339
mcv:1878,mcv,672,0.1,1,2,0,1,0,1,0,0,0,0.09163683153261193,0.0
fd:212,fd,27,0.1,1,2,0,1,0,1,0,0,0,0.12517645616522777,0.0
fd:562,fd,27,0.2,2,4,0,2,0,2,0,0,0,0.0001560978611054864,0.0
mcv:853,mcv,196,0.1,1,3,2,2,0,2,0,0,0,0.09850403865275847,0.0
mcv:435,mcv,322,0.1,1,4,2,3,2,2,1,0,2,0.0953765731396996,-0.05054050298680268
mcv:285,mcv,266,0.1,1,3,4,1,3,1,0,2,0,0.024769097935276596,0.2671809303002939
mcv:1453,mcv,576,0.1,1,3,1,1,1,1,0,1,0,0.10446301234874733,1.910717707939598
mcv:1174,mcv,436,0.1,1,3,1,2,0,2,0,0,0,0.06147393192050954,0.0
mcv:1,mcv,244,0.1,1,12,1,12,1,5,5,1,0,1.4580984706024966,6.922972837209159
fd:235,fd,27,0.1,1,5,1,3,1,1,2,0,1,0.0012547710624954966,-0.008600844478022118
mcv:661,mcv,388,0.1,1,5,0,3,0,3,0,0,0,0.03715956478679505,0.0
mcv:508,mcv,314,0.1,1,5,1,2,0,1,1,0,0,0.27160458622129524,0.0
mcv:373,mcv,480,0.1,1,4,2,4,2,3,1,1,1,0.07455552311064606,0.03216674465480507
mcv:476,mcv,572,0.2,2,11,1,9,1,7,2,1,0,0.4666981697057888,0.18139355900679677
fd:108,fd,27,0.1,1,3,2,1,2,1,0,0,2,0.0003629652297425512,-0.0029532369570930417
fd:355,fd,27,0.1,1,2,1,1,1,1,0,0,1,0.0020807556477830946,-0.017136767504391415
fd:359,fd,27,0.1,1,1,0,1,0,1,0,0,0,0.002569991352459944,0.0
mcv:1508,mcv,910,0.1,1,3,0,1,0,1,0,0,0,0.4614160288240916,0.0
mcv:964,mcv,226,0.1,1,4,1,3,0,2,1,0,0,0.059059236836675355,0.0
fd:388,fd,27,0.1,1,2,0,1,0,1,0,0,0,0.010524136604207479,0.0
mcv:1016,mcv,572,0.1,1,3,1,1,0,1,0,0,0,0.19608456653345185,0.0
fd:502,fd,27,0.1,1,1,0,1,0,1,0,0,0,0.007142343121967931,0.0
mcv:2188,mcv,366,0.1,1,1,0,1,0,1,0,0,0,0.07003944055094924,0.0
mcv:1004,mcv,914,0.1,1,3,1,1,1,1,0,1,0,0.13755267772302404,10.836599866477712
mcv:247,mcv,270,0.1,1,7,0,4,0,3,1,0,0,0.5346498626883294,0.0
fd:122,fd,27,0.1,1,4,2,1,2,1,0,1,1,0.00010513236987907959,6.474928013600056e-05
mcv:951,mcv,196,0.1,1,3,2,2,0,2,0,0,0,0.34912795291238985,0.0
fd:691,fd,27,0.1,1,1,0,1,0,1,0,0,0,7.177823767245961e-05,0.0
fd:99,fd,27,0.1,1,1,2,1,0,1,0,0,0,0.0031597454822134274,0.0
mcv:482,mcv,344,0.1,1,2,4,2,4,1,1,3,1,0.13211053632747838,0.9489086006668572
fd:515,fd,27,0.1,1,2,0,1,0,1,0,0,0,0.001031876840056123,0.0
mcv:1433,mcv,300,0.1,1,3,1,2,0,2,0,0,0,0.3708992286775703,0.0
fd:14,fd,27,0.1,1,2,0,1,0,1,0,0,0,0.020122376019099608,0.0
mcv:978,mcv,1208,0.1,1,3,2,1,0,1,0,0,0,0.5298643600117234,0.0
mcv:514,mcv,174,0.1,1,6,0,6,0,6,0,0,0,0.16252516084893442,0.0
mcv:404,mcv,388,0.1,1,4,2,2,2,1,1,0,2,0.40068415432388726,-0.6710883013893312
mcv:852,mcv,244,0.1,1,5,0,2,0,1,1,0,0,0.048677430392125354,0.0
mcv:653,mcv,366,0.1,1,5,0,4,0,3,1,0,0,0.6381884899119199,0.0
mcv:2166,mcv,274,0.1,1,1,0,1,0,1,0,0,0,0.04357434191114229,0.0
mcv:244,mcv,292,0.1,1,5,2,4,1,4,0,0,1,2.7623743194930874,-0.0008397288485042509
mcv:79,mcv,392,0.1,1,4,5,2,5,2,0,2,3,0.527140067738358,-96.13491364605812
mcv:982,mcv,418,0.1,1,3,2,3,0,2,1,0,0,0.07124092416321637,0.0
mcv:664,mcv,598,0.1,1,5,0,4,0,2,2,0,0,0.1316961555744114,0.0
fd:41,fd,41,0.1,1,1,0,1,0,1,0,0,0,0.8789037231690295,0.0
