configuration,family,run_order,mcv_count,fd_count,total_count,subset_seed,phase,repetition,seconds,mcv_ids,fd_ids
fd_16_s0,fd_only,0,0,16,16,0,warmup,0,0.23533749699709006,,2;3;4;5;6;9;10;11;15;16;22;26;28;29;30;33
fd_16_s0,fd_only,0,0,16,16,0,measured,0,0.22136168999713846,,2;3;4;5;6;9;10;11;15;16;22;26;28;29;30;33
fd_16_s0,fd_only,0,0,16,16,0,measured,1,0.21650351899734233,,2;3;4;5;6;9;10;11;15;16;22;26;28;29;30;33
fd_16_s0,fd_only,0,0,16,16,0,measured,2,0.22511868800211232,,2;3;4;5;6;9;10;11;15;16;22;26;28;29;30;33
fd_16_s0,fd_only,0,0,16,16,0,measured,3,0.21717065799748525,,2;3;4;5;6;9;10;11;15;16;22;26;28;29;30;33
fd_16_s0,fd_only,0,0,16,16,0,measured,4,0.22215585999947507,,2;3;4;5;6;9;10;11;15;16;22;26;28;29;30;33
fd_16_s0,fd_only,0,0,16,16,0,measured,5,0.22213594200002262,,2;3;4;5;6;9;10;11;15;16;22;26;28;29;30;33
fd_16_s0,fd_only,0,0,16,16,0,measured,6,0.2263647080035298,,2;3;4;5;6;9;10;11;15;16;22;26;28;29;30;33
fd_24_s0,fd_only,1,0,24,24,0,warmup,0,0.2570250959979603,,4;5;6;7;8;11;13;15;16;17;18;19;20;22;23;24;25;26;27;28;29;30;32;33
fd_24_s0,fd_only,1,0,24,24,0,measured,0,0.2569706770009361,,4;5;6;7;8;11;13;15;16;17;18;19;20;22;23;24;25;26;27;28;29;30;32;33
fd_24_s0,fd_only,1,0,24,24,0,measured,1,0.2582057349936804,,4;5;6;7;8;11;13;15;16;17;18;19;20;22;23;24;25;26;27;28;29;30;32;33
fd_24_s0,fd_only,1,0,24,24,0,measured,2,0.25519423600053415,,4;5;6;7;8;11;13;15;16;17;18;19;20;22;23;24;25;26;27;28;29;30;32;33
fd_24_s0,fd_only,1,0,24,24,0,measured,3,0.25468076200195355,,4;5;6;7;8;11;13;15;16;17;18;19;20;22;23;24;25;26;27;28;29;30;32;33
fd_24_s0,fd_only,1,0,24,24,0,measured,4,0.2615589659981197,,4;5;6;7;8;11;13;15;16;17;18;19;20;22;23;24;25;26;27;28;29;30;32;33
fd_24_s0,fd_only,1,0,24,24,0,measured,5,0.2656070869998075,,4;5;6;7;8;11;13;15;16;17;18;19;20;22;23;24;25;26;27;28;29;30;32;33
fd_24_s0,fd_only,1,0,24,24,0,measured,6,0.2630051779997302,,4;5;6;7;8;11;13;15;16;17;18;19;20;22;23;24;25;26;27;28;29;30;32;33
fd_04_s0,fd_only,2,0,4,4,0,warmup,0,0.15346688700083178,,0;13;23;33
fd_04_s0,fd_only,2,0,4,4,0,measured,0,0.1584061039975495,,0;13;23;33
fd_04_s0,fd_only,2,0,4,4,0,measured,1,0.15966595000645611,,0;13;23;33
fd_04_s0,fd_only,2,0,4,4,0,measured,2,0.15969154599588364,,0;13;23;33
fd_04_s0,fd_only,2,0,4,4,0,measured,3,0.16606705199956195,,0;13;23;33
fd_04_s0,fd_only,2,0,4,4,0,measured,4,0.17109336899738992,,0;13;23;33
fd_04_s0,fd_only,2,0,4,4,0,measured,5,0.16060182899673237,,0;13;23;33
fd_04_s0,fd_only,2,0,4,4,0,measured,6,0.284092841000529,,0;13;23;33
mixed_04_16,mixed,3,4,16,20,2,warmup,0,0.24906730700604385,0;3;12;25,0;1;2;5;7;9;15;17;18;19;23;24;25;26;27;29
mixed_04_16,mixed,3,4,16,20,2,measured,0,0.24957034199906047,0;3;12;25,0;1;2;5;7;9;15;17;18;19;23;24;25;26;27;29
mixed_04_16,mixed,3,4,16,20,2,measured,1,0.25544126199383754,0;3;12;25,0;1;2;5;7;9;15;17;18;19;23;24;25;26;27;29
mixed_04_16,mixed,3,4,16,20,2,measured,2,0.2538511570019182,0;3;12;25,0;1;2;5;7;9;15;17;18;19;23;24;25;26;27;29
mixed_04_16,mixed,3,4,16,20,2,measured,3,0.24876391300495015,0;3;12;25,0;1;2;5;7;9;15;17;18;19;23;24;25;26;27;29
mixed_04_16,mixed,3,4,16,20,2,measured,4,0.24123737199988682,0;3;12;25,0;1;2;5;7;9;15;17;18;19;23;24;25;26;27;29
mixed_04_16,mixed,3,4,16,20,2,measured,5,0.23410618799971417,0;3;12;25,0;1;2;5;7;9;15;17;18;19;23;24;25;26;27;29
mixed_04_16,mixed,3,4,16,20,2,measured,6,0.24165346399968257,0;3;12;25,0;1;2;5;7;9;15;17;18;19;23;24;25;26;27;29
mixed_16_16,mixed,4,16,16,32,3,warmup,0,0.27763185699586757,1;3;7;11;15;17;21;23;24;26;27;28;29;32;34;35,1;2;3;8;12;14;15;16;18;20;21;22;24;26;27;31
mixed_16_16,mixed,4,16,16,32,3,measured,0,0.2776993719962775,1;3;7;11;15;17;21;23;24;26;27;28;29;32;34;35,1;2;3;8;12;14;15;16;18;20;21;22;24;26;27;31
mixed_16_16,mixed,4,16,16,32,3,measured,1,0.2859931470011361,1;3;7;11;15;17;21;23;24;26;27;28;29;32;34;35,1;2;3;8;12;14;15;16;18;20;21;22;24;26;27;31
mixed_16_16,mixed,4,16,16,32,3,measured,2,0.2673720759994467,1;3;7;11;15;17;21;23;24;26;27;28;29;32;34;35,1;2;3;8;12;14;15;16;18;20;21;22;24;26;27;31
mixed_16_16,mixed,4,16,16,32,3,measured,3,0.2670794210062013,1;3;7;11;15;17;21;23;24;26;27;28;29;32;34;35,1;2;3;8;12;14;15;16;18;20;21;22;24;26;27;31
mixed_16_16,mixed,4,16,16,32,3,measured,4,0.2816876829965622,1;3;7;11;15;17;21;23;24;26;27;28;29;32;34;35,1;2;3;8;12;14;15;16;18;20;21;22;24;26;27;31
mixed_16_16,mixed,4,16,16,32,3,measured,5,0.2587112189939944,1;3;7;11;15;17;21;23;24;26;27;28;29;32;34;35,1;2;3;8;12;14;15;16;18;20;21;22;24;26;27;31
mixed_16_16,mixed,4,16,16,32,3,measured,6,0.26464769399899524,1;3;7;11;15;17;21;23;24;26;27;28;29;32;34;35,1;2;3;8;12;14;15;16;18;20;21;22;24;26;27;31
mcv_28_s0,mcv_only,5,28,0,28,0,warmup,0,0.23814907899941318,0;2;3;5;6;9;11;12;14;16;17;18;19;20;21;22;23;24;25;26;27;28;29;31;32;33;34;35,
mcv_28_s0,mcv_only,5,28,0,28,0,measured,0,0.227624242004822,0;2;3;5;6;9;11;12;14;16;17;18;19;20;21;22;23;24;25;26;27;28;29;31;32;33;34;35,
mcv_28_s0,mcv_only,5,28,0,28,0,measured,1,0.22690948200033745,0;2;3;5;6;9;11;12;14;16;17;18;19;20;21;22;23;24;25;26;27;28;29;31;32;33;34;35,
mcv_28_s0,mcv_only,5,28,0,28,0,measured,2,0.22794990499824053,0;2;3;5;6;9;11;12;14;16;17;18;19;20;21;22;23;24;25;26;27;28;29;31;32;33;34;35,
mcv_28_s0,mcv_only,5,28,0,28,0,measured,3,0.2304867069979082,0;2;3;5;6;9;11;12;14;16;17;18;19;20;21;22;23;24;25;26;27;28;29;31;32;33;34;35,
mcv_28_s0,mcv_only,5,28,0,28,0,measured,4,0.23056175900273956,0;2;3;5;6;9;11;12;14;16;17;18;19;20;21;22;23;24;25;26;27;28;29;31;32;33;34;35,
mcv_28_s0,mcv_only,5,28,0,28,0,measured,5,0.21967146400129423,0;2;3;5;6;9;11;12;14;16;17;18;19;20;21;22;23;24;25;26;27;28;29;31;32;33;34;35,
mcv_28_s0,mcv_only,5,28,0,28,0,measured,6,0.22016995499870973,0;2;3;5;6;9;11;12;14;16;17;18;19;20;21;22;23;24;25;26;27;28;29;31;32;33;34;35,
fd_20_s0,fd_only,6,0,20,20,0,warmup,0,0.24047533099655993,,2;3;4;5;6;7;11;13;14;15;17;19;21;23;28;29;30;31;32;33
fd_20_s0,fd_only,6,0,20,20,0,measured,0,0.23063566200289642,,2;3;4;5;6;7;11;13;14;15;17;19;21;23;28;29;30;31;32;33
fd_20_s0,fd_only,6,0,20,20,0,measured,1,0.23170701199705945,,2;3;4;5;6;7;11;13;14;15;17;19;21;23;28;29;30;31;32;33
fd_20_s0,fd_only,6,0,20,20,0,measured,2,0.23314936899987515,,2;3;4;5;6;7;11;13;14;15;17;19;21;23;28;29;30;31;32;33
fd_20_s0,fd_only,6,0,20,20,0,measured,3,0.2330523490018095,,2;3;4;5;6;7;11;13;14;15;17;19;21;23;28;29;30;31;32;33
fd_20_s0,fd_only,6,0,20,20,0,measured,4,0.23463127099967096,,2;3;4;5;6;7;11;13;14;15;17;19;21;23;28;29;30;31;32;33
fd_20_s0,fd_only,6,0,20,20,0,measured,5,0.2250853069999721,,2;3;4;5;6;7;11;13;14;15;17;19;21;23;28;29;30;31;32;33
fd_20_s0,fd_only,6,0,20,20,0,measured,6,0.2312713569990592,,2;3;4;5;6;7;11;13;14;15;17;19;21;23;28;29;30;31;32;33
mixed_32_16,mixed,7,32,16,48,4,warmup,0,0.3535965060000308,0;1;2;3;4;5;7;8;10;11;12;13;15;16;17;18;20;21;22;23;24;25;26;27;28;29;30;31;32;33;34;35,0;1;6;7;12;14;16;19;21;22;25;26;28;29;30;31
mixed_32_16,mixed,7,32,16,48,4,measured,0,0.3384877589996904,0;1;2;3;4;5;7;8;10;11;12;13;15;16;17;18;20;21;22;23;24;25;26;27;28;29;30;31;32;33;34;35,0;1;6;7;12;14;16;19;21;22;25;26;28;29;30;31
mixed_32_16,mixed,7,32,16,48,4,measured,1,0.33711914400191745,0;1;2;3;4;5;7;8;10;11;12;13;15;16;17;18;20;21;22;23;24;25;26;27;28;29;30;31;32;33;34;35,0;1;6;7;12;14;16;19;21;22;25;26;28;29;30;31
mixed_32_16,mixed,7,32,16,48,4,measured,2,0.32581658200069796,0;1;2;3;4;5;7;8;10;11;12;13;15;16;17;18;20;21;22;23;24;25;26;27;28;29;30;31;32;33;34;35,0;1;6;7;12;14;16;19;21;22;25;26;28;29;30;31
mixed_32_16,mixed,7,32,16,48,4,measured,3,0.32384183300018776,0;1;2;3;4;5;7;8;10;11;12;13;15;16;17;18;20;21;22;23;24;25;26;27;28;29;30;31;32;33;34;35,0;1;6;7;12;14;16;19;21;22;25;26;28;29;30;31
mixed_32_16,mixed,7,32,16,48,4,measured,4,0.3400962060040911,0;1;2;3;4;5;7;8;10;11;12;13;15;16;17;18;20;21;22;23;24;25;26;27;28;29;30;31;32;33;34;35,0;1;6;7;12;14;16;19;21;22;25;26;28;29;30;31
mixed_32_16,mixed,7,32,16,48,4,measured,5,0.34008113099844195,0;1;2;3;4;5;7;8;10;11;12;13;15;16;17;18;20;21;22;23;24;25;26;27;28;29;30;31;32;33;34;35,0;1;6;7;12;14;16;19;21;22;25;26;28;29;30;31
mixed_32_16,mixed,7,32,16,48,4,measured,6,0.33430835499893874,0;1;2;3;4;5;7;8;10;11;12;13;15;16;17;18;20;21;22;23;24;25;26;27;28;29;30;31;32;33;34;35,0;1;6;7;12;14;16;19;21;22;25;26;28;29;30;31
mixed_36_34,mixed,8,36,34,70,7,warmup,0,0.466158800998528,0;1;2;3;4;5;6;7;8;9;10;11;12;13;14;15;16;17;18;19;20;21;22;23;24;25;26;27;28;29;30;31;32;33;34;35,0;1;2;3;4;5;6;7;8;9;10;11;12;13;14;15;16;17;18;19;20;21;22;23;24;25;26;27;28;29;30;31;32;33
mixed_36_34,mixed,8,36,34,70,7,measured,0,0.462729318998754,0;1;2;3;4;5;6;7;8;9;10;11;12;13;14;15;16;17;18;19;20;21;22;23;24;25;26;27;28;29;30;31;32;33;34;35,0;1;2;3;4;5;6;7;8;9;10;11;12;13;14;15;16;17;18;19;20;21;22;23;24;25;26;27;28;29;30;31;32;33
mixed_36_34,mixed,8,36,34,70,7,measured,1,0.45070497100095963,0;1;2;3;4;5;6;7;8;9;10;11;12;13;14;15;16;17;18;19;20;21;22;23;24;25;26;27;28;29;30;31;32;33;34;35,0;1;2;3;4;5;6;7;8;9;10;11;12;13;14;15;16;17;18;19;20;21;22;23;24;25;26;27;28;29;30;31;32;33
mixed_36_34,mixed,8,36,34,70,7,measured,2,0.443409558996791,0;1;2;3;4;5;6;7;8;9;10;11;12;13;14;15;16;17;18;19;20;21;22;23;24;25;26;27;28;29;30;31;32;33;34;35,0;1;2;3;4;5;6;7;8;9;10;11;12;13;14;15;16;17;18;19;20;21;22;23;24;25;26;27;28;29;30;31;32;33
mixed_36_34,mixed,8,36,34,70,7,measured,3,0.43704782699933276,0;1;2;3;4;5;6;7;8;9;10;11;12;13;14;15;16;17;18;19;20;21;22;23;24;25;26;27;28;29;30;31;32;33;34;35,0;1;2;3;4;5;6;7;8;9;10;11;12;13;14;15;16;17;18;19;20;21;22;23;24;25;26;27;28;29;30;31;32;33
mixed_36_34,mixed,8,36,34,70,7,measured,4,0.4616728039982263,0;1;2;3;4;5;6;7;8;9;10;11;12;13;14;15;16;17;18;19;20;21;22;23;24;25;26;27;28;29;30;31;32;33;34;35,0;1;2;3;4;5;6;7;8;9;10;11;12;13;14;15;16;17;18;19;20;21;22;23;24;25;26;27;28;29;30;31;32;33
mixed_36_34,mixed,8,36,34,70,7,measured,5,0.4519434870016994,0;1;2;3;4;5;6;7;8;9;10;11;12;13;14;15;16;17;18;19;20;21;22;23;24;25;26;27;28;29;30;31;32;33;34;35,0;1;2;3;4;5;6;7;8;9;10;11;12;13;14;15;16;17;18;19;20;21;22;23;24;25;26;27;28;29;30;31;32;33
mixed_36_34,mixed,8,36,34,70,7,measured,6,0.4390742549949209,0;1;2;3;4;5;6;7;8;9;10;11;12;13;14;15;16;17;18;19;20;21;22;23;24;25;26;27;28;29;30;31;32;33;34;35,0;1;2;3;4;5;6;7;8;9;10;11;12;13;14;15;16;17;18;19;20;21;22;23;24;25;26;27;28;29;30;31;32;33
mcv_12_s0,mcv_only,9,12,0,12,0,warmup,0,0.16787444499641424,0;8;9;10;11;13;17;19;20;21;25;31,
mcv_12_s0,mcv_only,9,12,0,12,0,measured,0,0.17247417900216533,0;8;9;10;11;13;17;19;20;21;25;31,
mcv_12_s0,mcv_only,9,12,0,12,0,measured,1,0.18617275200085714,0;8;9;10;11;13;17;19;20;21;25;31,
mcv_12_s0,mcv_only,9,12,0,12,0,measured,2,0.1729234929953236,0;8;9;10;11;13;17;19;20;21;25;31,
mcv_12_s0,mcv_only,9,12,0,12,0,measured,3,0.17206952599372016,0;8;9;10;11;13;17;19;20;21;25;31,
mcv_12_s0,mcv_only,9,12,0,12,0,measured,4,0.17302398500032723,0;8;9;10;11;13;17;19;20;21;25;31,
mcv_12_s0,mcv_only,9,12,0,12,0,measured,5,0.16464984099729918,0;8;9;10;11;13;17;19;20;21;25;31,
mcv_12_s0,mcv_only,9,12,0,12,0,measured,6,0.1721601409954019,0;8;9;10;11;13;17;19;20;21;25;31,
fd_12_s0,fd_only,10,0,12,12,0,warmup,0,0.1844490509975003,,0;6;9;10;15;16;18;19;23;29;30;33
fd_12_s0,fd_only,10,0,12,12,0,measured,0,0.1846750510012498,,0;6;9;10;15;16;18;19;23;29;30;33
fd_12_s0,fd_only,10,0,12,12,0,measured,1,0.18597939900064375,,0;6;9;10;15;16;18;19;23;29;30;33
fd_12_s0,fd_only,10,0,12,12,0,measured,2,0.18227917599870125,,0;6;9;10;15;16;18;19;23;29;30;33
fd_12_s0,fd_only,10,0,12,12,0,measured,3,0.19310373699408956,,0;6;9;10;15;16;18;19;23;29;30;33
fd_12_s0,fd_only,10,0,12,12,0,measured,4,0.1892734470020514,,0;6;9;10;15;16;18;19;23;29;30;33
fd_12_s0,fd_only,10,0,12,12,0,measured,5,0.1912271819965099,,0;6;9;10;15;16;18;19;23;29;30;33
fd_12_s0,fd_only,10,0,12,12,0,measured,6,0.19062025700259255,,0;6;9;10;15;16;18;19;23;29;30;33
fd_32_s0,fd_only,11,0,32,32,0,warmup,0,0.2875063239989686,,1;2;3;4;5;6;7;8;9;10;11;12;13;14;16;17;18;19;20;21;22;23;24;25;26;27;28;29;30;31;32;33
fd_32_s0,fd_only,11,0,32,32,0,measured,0,0.2935996700034593,,1;2;3;4;5;6;7;8;9;10;11;12;13;14;16;17;18;19;20;21;22;23;24;25;26;27;28;29;30;31;32;33
fd_32_s0,fd_only,11,0,32,32,0,measured,1,0.28974700599792413,,1;2;3;4;5;6;7;8;9;10;11;12;13;14;16;17;18;19;20;21;22;23;24;25;26;27;28;29;30;31;32;33
fd_32_s0,fd_only,11,0,32,32,0,measured,2,0.29792574800376315,,1;2;3;4;5;6;7;8;9;10;11;12;13;14;16;17;18;19;20;21;22;23;24;25;26;27;28;29;30;31;32;33
fd_32_s0,fd_only,11,0,32,32,0,measured,3,0.3067716669975198,,1;2;3;4;5;6;7;8;9;10;11;12;13;14;16;17;18;19;20;21;22;23;24;25;26;27;28;29;30;31;32;33
fd_32_s0,fd_only,11,0,32,32,0,measured,4,0.32664841299992986,,1;2;3;4;5;6;7;8;9;10;11;12;13;14;16;17;18;19;20;21;22;23;24;25;26;27;28;29;30;31;32;33
fd_32_s0,fd_only,11,0,32,32,0,measured,5,0.3344762199994875,,1;2;3;4;5;6;7;8;9;10;11;12;13;14;16;17;18;19;20;21;22;23;24;25;26;27;28;29;30;31;32;33
fd_32_s0,fd_only,11,0,32,32,0,measured,6,0.323662435002916,,1;2;3;4;5;6;7;8;9;10;11;12;13;14;16;17;18;19;20;21;22;23;24;25;26;27;28;29;30;31;32;33
mcv_32_s0,mcv_only,12,32,0,32,0,warmup,0,0.2510370769959991,0;1;2;4;6;8;9;10;11;12;13;14;15;16;17;18;19;20;21;22;23;24;26;27;28;29;30;31;32;33;34;35,
mcv_32_s0,mcv_only,12,32,0,32,0,measured,0,0.24937192800280172,0;1;2;4;6;8;9;10;11;12;13;14;15;16;17;18;19;20;21;22;23;24;26;27;28;29;30;31;32;33;34;35,
mcv_32_s0,mcv_only,12,32,0,32,0,measured,1,0.22772863200225402,0;1;2;4;6;8;9;10;11;12;13;14;15;16;17;18;19;20;21;22;23;24;26;27;28;29;30;31;32;33;34;35,
mcv_32_s0,mcv_only,12,32,0,32,0,measured,2,0.2253568029991584,0;1;2;4;6;8;9;10;11;12;13;14;15;16;17;18;19;20;21;22;23;24;26;27;28;29;30;31;32;33;34;35,
mcv_32_s0,mcv_only,12,32,0,32,0,measured,3,0.24577033199602738,0;1;2;4;6;8;9;10;11;12;13;14;15;16;17;18;19;20;21;22;23;24;26;27;28;29;30;31;32;33;34;35,
mcv_32_s0,mcv_only,12,32,0,32,0,measured,4,0.2400407820023247,0;1;2;4;6;8;9;10;11;12;13;14;15;16;17;18;19;20;21;22;23;24;26;27;28;29;30;31;32;33;34;35,
mcv_32_s0,mcv_only,12,32,0,32,0,measured,5,0.23373146499943687,0;1;2;4;6;8;9;10;11;12;13;14;15;16;17;18;19;20;21;22;23;24;26;27;28;29;30;31;32;33;34;35,
mcv_32_s0,mcv_only,12,32,0,32,0,measured,6,0.2374179130056291,0;1;2;4;6;8;9;10;11;12;13;14;15;16;17;18;19;20;21;22;23;24;26;27;28;29;30;31;32;33;34;35,
empty,empty,13,0,0,0,,warmup,0,0.11500302400236251,,
empty,empty,13,0,0,0,,measured,0,0.11361550799483666,,
empty,empty,13,0,0,0,,measured,1,0.11154695099685341,,
empty,empty,13,0,0,0,,measured,2,0.11398570200253744,,
empty,empty,13,0,0,0,,measured,3,0.11643160799576435,,
empty,empty,13,0,0,0,,measured,4,0.11765775899402797,,
empty,empty,13,0,0,0,,measured,5,0.11475912199966842,,
empty,empty,13,0,0,0,,measured,6,0.11600367200298933,,
mcv_24_s2,mcv_only,14,24,0,24,2,warmup,0,0.20240883800579468,1;2;3;4;6;7;8;10;11;12;13;18;20;21;22;24;25;26;27;28;29;30;32;34,
mcv_24_s2,mcv_only,14,24,0,24,2,measured,0,0.20384719200228574,1;2;3;4;6;7;8;10;11;12;13;18;20;21;22;24;25;26;27;28;29;30;32;34,
mcv_24_s2,mcv_only,14,24,0,24,2,measured,1,0.1969865339997341,1;2;3;4;6;7;8;10;11;12;13;18;20;21;22;24;25;26;27;28;29;30;32;34,
mcv_24_s2,mcv_only,14,24,0,24,2,measured,2,0.2023216359957587,1;2;3;4;6;7;8;10;11;12;13;18;20;21;22;24;25;26;27;28;29;30;32;34,
mcv_24_s2,mcv_only,14,24,0,24,2,measured,3,0.20582876799744554,1;2;3;4;6;7;8;10;11;12;13;18;20;21;22;24;25;26;27;28;29;30;32;34,
mcv_24_s2,mcv_only,14,24,0,24,2,measured,4,0.21384143900650088,1;2;3;4;6;7;8;10;11;12;13;18;20;21;22;24;25;26;27;28;29;30;32;34,
mcv_24_s2,mcv_only,14,24,0,24,2,measured,5,0.21096963200398022,1;2;3;4;6;7;8;10;11;12;13;18;20;21;22;24;25;26;27;28;29;30;32;34,
mcv_24_s2,mcv_only,14,24,0,24,2,measured,6,0.20713330800208496,1;2;3;4;6;7;8;10;11;12;13;18;20;21;22;24;25;26;27;28;29;30;32;34,
fd_12_s1,fd_only,15,0,12,12,1,warmup,0,0.18165211299492512,,1;3;6;8;10;15;18;19;24;28;30;31
fd_12_s1,fd_only,15,0,12,12,1,measured,0,0.17813469899556367,,1;3;6;8;10;15;18;19;24;28;30;31
fd_12_s1,fd_only,15,0,12,12,1,measured,1,0.18100768700242043,,1;3;6;8;10;15;18;19;24;28;30;31
fd_12_s1,fd_only,15,0,12,12,1,measured,2,0.18299198099703062,,1;3;6;8;10;15;18;19;24;28;30;31
fd_12_s1,fd_only,15,0,12,12,1,measured,3,0.18120631299825618,,1;3;6;8;10;15;18;19;24;28;30;31
fd_12_s1,fd_only,15,0,12,12,1,measured,4,0.18108168100297917,,1;3;6;8;10;15;18;19;24;28;30;31
fd_12_s1,fd_only,15,0,12,12,1,measured,5,0.17116281999915373,,1;3;6;8;10;15;18;19;24;28;30;31
fd_12_s1,fd_only,15,0,12,12,1,measured,6,0.18352281300030882,,1;3;6;8;10;15;18;19;24;28;30;31
fd_24_s1,fd_only,16,0,24,24,1,warmup,0,0.25584144100139383,,0;1;2;3;4;6;7;8;9;10;11;12;13;14;16;19;20;21;22;27;30;31;32;33
fd_24_s1,fd_only,16,0,24,24,1,measured,0,0.25498101500124903,,0;1;2;3;4;6;7;8;9;10;11;12;13;14;16;19;20;21;22;27;30;31;32;33
fd_24_s1,fd_only,16,0,24,24,1,measured,1,0.2643160040024668,,0;1;2;3;4;6;7;8;9;10;11;12;13;14;16;19;20;21;22;27;30;31;32;33
fd_24_s1,fd_only,16,0,24,24,1,measured,2,0.24996854399796575,,0;1;2;3;4;6;7;8;9;10;11;12;13;14;16;19;20;21;22;27;30;31;32;33
fd_24_s1,fd_only,16,0,24,24,1,measured,3,0.26253496400022414,,0;1;2;3;4;6;7;8;9;10;11;12;13;14;16;19;20;21;22;27;30;31;32;33
fd_24_s1,fd_only,16,0,24,24,1,measured,4,0.2646695999937947,,0;1;2;3;4;6;7;8;9;10;11;12;13;14;16;19;20;21;22;27;30;31;32;33
fd_24_s1,fd_only,16,0,24,24,1,measured,5,0.25354900999809615,,0;1;2;3;4;6;7;8;9;10;11;12;13;14;16;19;20;21;22;27;30;31;32;33
fd_24_s1,fd_only,16,0,24,24,1,measured,6,0.24929802199767437,,0;1;2;3;4;6;7;8;9;10;11;12;13;14;16;19;20;21;22;27;30;31;32;33
fd_28_s0,fd_only,17,0,28,28,0,warmup,0,0.28805724599806126,,0;1;2;3;4;5;6;7;8;9;11;12;14;15;16;18;19;21;22;23;24;25;26;29;30;31;32;33
fd_28_s0,fd_only,17,0,28,28,0,measured,0,0.30233164099627174,,0;1;2;3;4;5;6;7;8;9;11;12;14;15;16;18;19;21;22;23;24;25;26;29;30;31;32;33
fd_28_s0,fd_only,17,0,28,28,0,measured,1,0.3058669989986811,,0;1;2;3;4;5;6;7;8;9;11;12;14;15;16;18;19;21;22;23;24;25;26;29;30;31;32;33
fd_28_s0,fd_only,17,0,28,28,0,measured,2,0.3043364990007831,,0;1;2;3;4;5;6;7;8;9;11;12;14;15;16;18;19;21;22;23;24;25;26;29;30;31;32;33
fd_28_s0,fd_only,17,0,28,28,0,measured,3,0.3025228510014131,,0;1;2;3;4;5;6;7;8;9;11;12;14;15;16;18;19;21;22;23;24;25;26;29;30;31;32;33
fd_28_s0,fd_only,17,0,28,28,0,measured,4,0.3032670030006557,,0;1;2;3;4;5;6;7;8;9;11;12;14;15;16;18;19;21;22;23;24;25;26;29;30;31;32;33
fd_28_s0,fd_only,17,0,28,28,0,measured,5,0.3061308870019275,,0;1;2;3;4;5;6;7;8;9;11;12;14;15;16;18;19;21;22;23;24;25;26;29;30;31;32;33
fd_28_s0,fd_only,17,0,28,28,0,measured,6,0.3051436929963529,,0;1;2;3;4;5;6;7;8;9;11;12;14;15;16;18;19;21;22;23;24;25;26;29;30;31;32;33
mcv_36_s0,mcv_only,18,36,0,36,0,warmup,0,0.2756539139954839,0;1;2;3;4;5;6;7;8;9;10;11;12;13;14;15;16;17;18;19;20;21;22;23;24;25;26;27;28;29;30;31;32;33;34;35,
mcv_36_s0,mcv_only,18,36,0,36,0,measured,0,0.2827342409946141,0;1;2;3;4;5;6;7;8;9;10;11;12;13;14;15;16;17;18;19;20;21;22;23;24;25;26;27;28;29;30;31;32;33;34;35,
mcv_36_s0,mcv_only,18,36,0,36,0,measured,1,0.2765397959956317,0;1;2;3;4;5;6;7;8;9;10;11;12;13;14;15;16;17;18;19;20;21;22;23;24;25;26;27;28;29;30;31;32;33;34;35,
mcv_36_s0,mcv_only,18,36,0,36,0,measured,2,0.2641854550020071,0;1;2;3;4;5;6;7;8;9;10;11;12;13;14;15;16;17;18;19;20;21;22;23;24;25;26;27;28;29;30;31;32;33;34;35,
mcv_36_s0,mcv_only,18,36,0,36,0,measured,3,0.2804790049995063,0;1;2;3;4;5;6;7;8;9;10;11;12;13;14;15;16;17;18;19;20;21;22;23;24;25;26;27;28;29;30;31;32;33;34;35,
mcv_36_s0,mcv_only,18,36,0,36,0,measured,4,0.2756195070032845,0;1;2;3;4;5;6;7;8;9;10;11;12;13;14;15;16;17;18;19;20;21;22;23;24;25;26;27;28;29;30;31;32;33;34;35,
mcv_36_s0,mcv_only,18,36,0,36,0,measured,5,0.27938328399613965,0;1;2;3;4;5;6;7;8;9;10;11;12;13;14;15;16;17;18;19;20;21;22;23;24;25;26;27;28;29;30;31;32;33;34;35,
mcv_36_s0,mcv_only,18,36,0,36,0,measured,6,0.2830916290040477,0;1;2;3;4;5;6;7;8;9;10;11;12;13;14;15;16;17;18;19;20;21;22;23;24;25;26;27;28;29;30;31;32;33;34;35,
fd_12_s2,fd_only,19,0,12,12,2,warmup,0,0.2195031880037277,,2;8;11;12;13;20;23;25;26;30;32;33
fd_12_s2,fd_only,19,0,12,12,2,measured,0,0.20548881699505728,,2;8;11;12;13;20;23;25;26;30;32;33
fd_12_s2,fd_only,19,0,12,12,2,measured,1,0.20987489400431514,,2;8;11;12;13;20;23;25;26;30;32;33
fd_12_s2,fd_only,19,0,12,12,2,measured,2,0.20543307000480127,,2;8;11;12;13;20;23;25;26;30;32;33
fd_12_s2,fd_only,19,0,12,12,2,measured,3,0.20968165600061184,,2;8;11;12;13;20;23;25;26;30;32;33
fd_12_s2,fd_only,19,0,12,12,2,measured,4,0.20410495800024364,,2;8;11;12;13;20;23;25;26;30;32;33
fd_12_s2,fd_only,19,0,12,12,2,measured,5,0.20878905699646566,,2;8;11;12;13;20;23;25;26;30;32;33
fd_12_s2,fd_only,19,0,12,12,2,measured,6,0.2032166450007935,,2;8;11;12;13;20;23;25;26;30;32;33
mixed_32_32,mixed,20,32,32,64,6,warmup,0,0.43733324899949366,0;1;2;3;4;5;6;7;9;10;11;14;15;16;17;18;20;21;22;23;24;25;26;27;28;29;30;31;32;33;34;35,0;1;2;3;4;5;6;7;8;9;10;12;13;14;15;17;18;19;20;21;22;23;24;25;26;27;28;29;30;31;32;33
mixed_32_32,mixed,20,32,32,64,6,measured,0,0.45676642900070874,0;1;2;3;4;5;6;7;9;10;11;14;15;16;17;18;20;21;22;23;24;25;26;27;28;29;30;31;32;33;34;35,0;1;2;3;4;5;6;7;8;9;10;12;13;14;15;17;18;19;20;21;22;23;24;25;26;27;28;29;30;31;32;33
mixed_32_32,mixed,20,32,32,64,6,measured,1,0.4469108330013114,0;1;2;3;4;5;6;7;9;10;11;14;15;16;17;18;20;21;22;23;24;25;26;27;28;29;30;31;32;33;34;35,0;1;2;3;4;5;6;7;8;9;10;12;13;14;15;17;18;19;20;21;22;23;24;25;26;27;28;29;30;31;32;33
mixed_32_32,mixed,20,32,32,64,6,measured,2,0.4557155220027198,0;1;2;3;4;5;6;7;9;10;11;14;15;16;17;18;20;21;22;23;24;25;26;27;28;29;30;31;32;33;34;35,0;1;2;3;4;5;6;7;8;9;10;12;13;14;15;17;18;19;20;21;22;23;24;25;26;27;28;29;30;31;32;33
mixed_32_32,mixed,20,32,32,64,6,measured,3,0.4355805969971698,0;1;2;3;4;5;6;7;9;10;11;14;15;16;17;18;20;21;22;23;24;25;26;27;28;29;30;31;32;33;34;35,0;1;2;3;4;5;6;7;8;9;10;12;13;14;15;17;18;19;20;21;22;23;24;25;26;27;28;29;30;31;32;33
mixed_32_32,mixed,20,32,32,64,6,measured,4,0.4437636049988214,0;1;2;3;4;5;6;7;9;10;11;14;15;16;17;18;20;21;22;23;24;25;26;27;28;29;30;31;32;33;34;35,0;1;2;3;4;5;6;7;8;9;10;12;13;14;15;17;18;19;20;21;22;23;24;25;26;27;28;29;30;31;32;33
mixed_32_32,mixed,20,32,32,64,6,measured,5,0.437051832996076,0;1;2;3;4;5;6;7;9;10;11;14;15;16;17;18;20;21;22;23;24;25;26;27;28;29;30;31;32;33;34;35,0;1;2;3;4;5;6;7;8;9;10;12;13;14;15;17;18;19;20;21;22;23;24;25;26;27;28;29;30;31;32;33
mixed_32_32,mixed,20,32,32,64,6,measured,6,0.4392008260037983,0;1;2;3;4;5;6;7;9;10;11;14;15;16;17;18;20;21;22;23;24;25;26;27;28;29;30;31;32;33;34;35,0;1;2;3;4;5;6;7;8;9;10;12;13;14;15;17;18;19;20;21;22;23;24;25;26;27;28;29;30;31;32;33
mixed_16_04,mixed,21,16,4,20,1,warmup,0,0.22597296399908373,6;9;10;11;12;15;18;19;20;21;22;28;29;30;31;33,8;12;26;27
mixed_16_04,mixed,21,16,4,20,1,measured,0,0.22777428600238636,6;9;10;11;12;15;18;19;20;21;22;28;29;30;31;33,8;12;26;27
mixed_16_04,mixed,21,16,4,20,1,measured,1,0.2273659790007514,6;9;10;11;12;15;18;19;20;21;22;28;29;30;31;33,8;12;26;27
mixed_16_04,mixed,21,16,4,20,1,measured,2,0.244694298999093,6;9;10;11;12;15;18;19;20;21;22;28;29;30;31;33,8;12;26;27
mixed_16_04,mixed,21,16,4,20,1,measured,3,0.2337629410030786,6;9;10;11;12;15;18;19;20;21;22;28;29;30;31;33,8;12;26;27
mixed_16_04,mixed,21,16,4,20,1,measured,4,0.22951742399891373,6;9;10;11;12;15;18;19;20;21;22;28;29;30;31;33,8;12;26;27
mixed_16_04,mixed,21,16,4,20,1,measured,5,0.22670357800234342,6;9;10;11;12;15;18;19;20;21;22;28;29;30;31;33,8;12;26;27
mixed_16_04,mixed,21,16,4,20,1,measured,6,0.2317835229987395,6;9;10;11;12;15;18;19;20;21;22;28;29;30;31;33,8;12;26;27
mcv_12_s1,mcv_only,22,12,0,12,1,warmup,0,0.174945951999689,2;4;5;10;16;18;23;24;26;27;32;35,
mcv_12_s1,mcv_only,22,12,0,12,1,measured,0,0.17301208499702625,2;4;5;10;16;18;23;24;26;27;32;35,
mcv_12_s1,mcv_only,22,12,0,12,1,measured,1,0.17579205400397768,2;4;5;10;16;18;23;24;26;27;32;35,
mcv_12_s1,mcv_only,22,12,0,12,1,measured,2,0.17410398300125962,2;4;5;10;16;18;23;24;26;27;32;35,
mcv_12_s1,mcv_only,22,12,0,12,1,measured,3,0.1702605489990674,2;4;5;10;16;18;23;24;26;27;32;35,
mcv_12_s1,mcv_only,22,12,0,12,1,measured,4,0.16983561099914368,2;4;5;10;16;18;23;24;26;27;32;35,
mcv_12_s1,mcv_only,22,12,0,12,1,measured,5,0.17204018700431334,2;4;5;10;16;18;23;24;26;27;32;35,
mcv_12_s1,mcv_only,22,12,0,12,1,measured,6,0.1764372839970747,2;4;5;10;16;18;23;24;26;27;32;35,
mcv_24_s0,mcv_only,23,24,0,24,0,warmup,0,0.22040480199939338,1;3;4;6;7;11;12;13;14;16;17;20;21;22;23;24;25;26;27;28;30;32;33;34,
mcv_24_s0,mcv_only,23,24,0,24,0,measured,0,0.22386225200170884,1;3;4;6;7;11;12;13;14;16;17;20;21;22;23;24;25;26;27;28;30;32;33;34,
mcv_24_s0,mcv_only,23,24,0,24,0,measured,1,0.23067327600438148,1;3;4;6;7;11;12;13;14;16;17;20;21;22;23;24;25;26;27;28;30;32;33;34,
mcv_24_s0,mcv_only,23,24,0,24,0,measured,2,0.21636222999950405,1;3;4;6;7;11;12;13;14;16;17;20;21;22;23;24;25;26;27;28;30;32;33;34,
mcv_24_s0,mcv_only,23,24,0,24,0,measured,3,0.2173399769962998,1;3;4;6;7;11;12;13;14;16;17;20;21;22;23;24;25;26;27;28;30;32;33;34,
mcv_24_s0,mcv_only,23,24,0,24,0,measured,4,0.22224964799534064,1;3;4;6;7;11;12;13;14;16;17;20;21;22;23;24;25;26;27;28;30;32;33;34,
mcv_24_s0,mcv_only,23,24,0,24,0,measured,5,0.22189483800320886,1;3;4;6;7;11;12;13;14;16;17;20;21;22;23;24;25;26;27;28;30;32;33;34,
mcv_24_s0,mcv_only,23,24,0,24,0,measured,6,0.2249341939968872,1;3;4;6;7;11;12;13;14;16;17;20;21;22;23;24;25;26;27;28;30;32;33;34,
mcv_12_s2,mcv_only,24,12,0,12,2,warmup,0,0.17233556400606176,0;1;9;10;13;18;19;23;25;27;31;32,
mcv_12_s2,mcv_only,24,12,0,12,2,measured,0,0.1812524580018362,0;1;9;10;13;18;19;23;25;27;31;32,
mcv_12_s2,mcv_only,24,12,0,12,2,measured,1,0.17629085399676114,0;1;9;10;13;18;19;23;25;27;31;32,
mcv_12_s2,mcv_only,24,12,0,12,2,measured,2,0.17412402700574603,0;1;9;10;13;18;19;23;25;27;31;32,
mcv_12_s2,mcv_only,24,12,0,12,2,measured,3,0.18295889999717474,0;1;9;10;13;18;19;23;25;27;31;32,
mcv_12_s2,mcv_only,24,12,0,12,2,measured,4,0.1886561610008357,0;1;9;10;13;18;19;23;25;27;31;32,
mcv_12_s2,mcv_only,24,12,0,12,2,measured,5,0.19361243399907835,0;1;9;10;13;18;19;23;25;27;31;32,
mcv_12_s2,mcv_only,24,12,0,12,2,measured,6,0.19275046199618373,0;1;9;10;13;18;19;23;25;27;31;32,
mixed_16_32,mixed,25,16,32,48,5,warmup,0,0.40801377200114075,0;1;2;3;6;7;11;13;14;17;21;22;23;25;31;32,0;1;2;4;5;6;7;8;9;10;11;12;14;15;16;17;18;19;20;21;22;23;24;25;26;27;28;29;30;31;32;33
mixed_16_32,mixed,25,16,32,48,5,measured,0,0.4096801729974686,0;1;2;3;6;7;11;13;14;17;21;22;23;25;31;32,0;1;2;4;5;6;7;8;9;10;11;12;14;15;16;17;18;19;20;21;22;23;24;25;26;27;28;29;30;31;32;33
mixed_16_32,mixed,25,16,32,48,5,measured,1,0.4316984609977226,0;1;2;3;6;7;11;13;14;17;21;22;23;25;31;32,0;1;2;4;5;6;7;8;9;10;11;12;14;15;16;17;18;19;20;21;22;23;24;25;26;27;28;29;30;31;32;33
mixed_16_32,mixed,25,16,32,48,5,measured,2,0.42944580799667165,0;1;2;3;6;7;11;13;14;17;21;22;23;25;31;32,0;1;2;4;5;6;7;8;9;10;11;12;14;15;16;17;18;19;20;21;22;23;24;25;26;27;28;29;30;31;32;33
mixed_16_32,mixed,25,16,32,48,5,measured,3,0.41604928999731783,0;1;2;3;6;7;11;13;14;17;21;22;23;25;31;32,0;1;2;4;5;6;7;8;9;10;11;12;14;15;16;17;18;19;20;21;22;23;24;25;26;27;28;29;30;31;32;33
mixed_16_32,mixed,25,16,32,48,5,measured,4,0.4002970049987198,0;1;2;3;6;7;11;13;14;17;21;22;23;25;31;32,0;1;2;4;5;6;7;8;9;10;11;12;14;15;16;17;18;19;20;21;22;23;24;25;26;27;28;29;30;31;32;33
mixed_16_32,mixed,25,16,32,48,5,measured,5,0.37903127999743447,0;1;2;3;6;7;11;13;14;17;21;22;23;25;31;32,0;1;2;4;5;6;7;8;9;10;11;12;14;15;16;17;18;19;20;21;22;23;24;25;26;27;28;29;30;31;32;33
mixed_16_32,mixed,25,16,32,48,5,measured,6,0.37116789799620165,0;1;2;3;6;7;11;13;14;17;21;22;23;25;31;32,0;1;2;4;5;6;7;8;9;10;11;12;14;15;16;17;18;19;20;21;22;23;24;25;26;27;28;29;30;31;32;33
mcv_20_s0,mcv_only,26,20,0,20,0,warmup,0,0.20570220700028585,1;4;5;7;8;9;11;13;14;16;19;23;24;25;26;29;30;31;33;34,
mcv_20_s0,mcv_only,26,20,0,20,0,measured,0,0.20874682100111386,1;4;5;7;8;9;11;13;14;16;19;23;24;25;26;29;30;31;33;34,
mcv_20_s0,mcv_only,26,20,0,20,0,measured,1,0.2133912479985156,1;4;5;7;8;9;11;13;14;16;19;23;24;25;26;29;30;31;33;34,
mcv_20_s0,mcv_only,26,20,0,20,0,measured,2,0.2110785799959558,1;4;5;7;8;9;11;13;14;16;19;23;24;25;26;29;30;31;33;34,
mcv_20_s0,mcv_only,26,20,0,20,0,measured,3,0.2118265489989426,1;4;5;7;8;9;11;13;14;16;19;23;24;25;26;29;30;31;33;34,
mcv_20_s0,mcv_only,26,20,0,20,0,measured,4,0.211508871994738,1;4;5;7;8;9;11;13;14;16;19;23;24;25;26;29;30;31;33;34,
mcv_20_s0,mcv_only,26,20,0,20,0,measured,5,0.20835566299501806,1;4;5;7;8;9;11;13;14;16;19;23;24;25;26;29;30;31;33;34,
mcv_20_s0,mcv_only,26,20,0,20,0,measured,6,0.2233697720002965,1;4;5;7;8;9;11;13;14;16;19;23;24;25;26;29;30;31;33;34,
fd_34_s0,fd_only,27,0,34,34,0,warmup,0,0.32675718699465506,,0;1;2;3;4;5;6;7;8;9;10;11;12;13;14;15;16;17;18;19;20;21;22;23;24;25;26;27;28;29;30;31;32;33
fd_34_s0,fd_only,27,0,34,34,0,measured,0,0.3291316960021504,,0;1;2;3;4;5;6;7;8;9;10;11;12;13;14;15;16;17;18;19;20;21;22;23;24;25;26;27;28;29;30;31;32;33
fd_34_s0,fd_only,27,0,34,34,0,measured,1,0.3248081900019315,,0;1;2;3;4;5;6;7;8;9;10;11;12;13;14;15;16;17;18;19;20;21;22;23;24;25;26;27;28;29;30;31;32;33
fd_34_s0,fd_only,27,0,34,34,0,measured,2,0.32722443700185977,,0;1;2;3;4;5;6;7;8;9;10;11;12;13;14;15;16;17;18;19;20;21;22;23;24;25;26;27;28;29;30;31;32;33
fd_34_s0,fd_only,27,0,34,34,0,measured,3,0.34267280300264247,,0;1;2;3;4;5;6;7;8;9;10;11;12;13;14;15;16;17;18;19;20;21;22;23;24;25;26;27;28;29;30;31;32;33
fd_34_s0,fd_only,27,0,34,34,0,measured,4,0.32179247600288363,,0;1;2;3;4;5;6;7;8;9;10;11;12;13;14;15;16;17;18;19;20;21;22;23;24;25;26;27;28;29;30;31;32;33
fd_34_s0,fd_only,27,0,34,34,0,measured,5,0.3414125629933551,,0;1;2;3;4;5;6;7;8;9;10;11;12;13;14;15;16;17;18;19;20;21;22;23;24;25;26;27;28;29;30;31;32;33
fd_34_s0,fd_only,27,0,34,34,0,measured,6,0.34074309800053015,,0;1;2;3;4;5;6;7;8;9;10;11;12;13;14;15;16;17;18;19;20;21;22;23;24;25;26;27;28;29;30;31;32;33
mixed_04_04,mixed,28,4,4,8,0,warmup,0,0.14528508999501355,5;8;17;19,15;26;29;32
mixed_04_04,mixed,28,4,4,8,0,measured,0,0.14666081500035943,5;8;17;19,15;26;29;32
mixed_04_04,mixed,28,4,4,8,0,measured,1,0.14606394300062675,5;8;17;19,15;26;29;32
mixed_04_04,mixed,28,4,4,8,0,measured,2,0.14655787599622272,5;8;17;19,15;26;29;32
mixed_04_04,mixed,28,4,4,8,0,measured,3,0.14290933199663414,5;8;17;19,15;26;29;32
mixed_04_04,mixed,28,4,4,8,0,measured,4,0.14788143399346154,5;8;17;19,15;26;29;32
mixed_04_04,mixed,28,4,4,8,0,measured,5,0.1466884769979515,5;8;17;19,15;26;29;32
mixed_04_04,mixed,28,4,4,8,0,measured,6,0.1452880879951408,5;8;17;19,15;26;29;32
mcv_04_s0,mcv_only,29,4,0,4,0,warmup,0,0.1251647429962759,6;26;32;34,
mcv_04_s0,mcv_only,29,4,0,4,0,measured,0,0.1262310649981373,6;26;32;34,
mcv_04_s0,mcv_only,29,4,0,4,0,measured,1,0.12791583299986087,6;26;32;34,
mcv_04_s0,mcv_only,29,4,0,4,0,measured,2,0.13001456700294511,6;26;32;34,
mcv_04_s0,mcv_only,29,4,0,4,0,measured,3,0.12705798600654816,6;26;32;34,
mcv_04_s0,mcv_only,29,4,0,4,0,measured,4,0.13145417100167833,6;26;32;34,
mcv_04_s0,mcv_only,29,4,0,4,0,measured,5,0.1380644319942803,6;26;32;34,
mcv_04_s0,mcv_only,29,4,0,4,0,measured,6,0.13877504099946236,6;26;32;34,
fd_24_s2,fd_only,30,0,24,24,2,warmup,0,0.2386200769979041,,0;1;3;4;6;10;11;13;15;16;17;18;19;20;21;22;24;25;26;27;28;29;31;33
fd_24_s2,fd_only,30,0,24,24,2,measured,0,0.25160604900156613,,0;1;3;4;6;10;11;13;15;16;17;18;19;20;21;22;24;25;26;27;28;29;31;33
fd_24_s2,fd_only,30,0,24,24,2,measured,1,0.2537554549999186,,0;1;3;4;6;10;11;13;15;16;17;18;19;20;21;22;24;25;26;27;28;29;31;33
fd_24_s2,fd_only,30,0,24,24,2,measured,2,0.2501218580000568,,0;1;3;4;6;10;11;13;15;16;17;18;19;20;21;22;24;25;26;27;28;29;31;33
fd_24_s2,fd_only,30,0,24,24,2,measured,3,0.25102435799635714,,0;1;3;4;6;10;11;13;15;16;17;18;19;20;21;22;24;25;26;27;28;29;31;33
fd_24_s2,fd_only,30,0,24,24,2,measured,4,0.24855973899684614,,0;1;3;4;6;10;11;13;15;16;17;18;19;20;21;22;24;25;26;27;28;29;31;33
fd_24_s2,fd_only,30,0,24,24,2,measured,5,0.2502485910008545,,0;1;3;4;6;10;11;13;15;16;17;18;19;20;21;22;24;25;26;27;28;29;31;33
fd_24_s2,fd_only,30,0,24,24,2,measured,6,0.26343130999885034,,0;1;3;4;6;10;11;13;15;16;17;18;19;20;21;22;24;25;26;27;28;29;31;33
mcv_16_s0,mcv_only,31,16,0,16,0,warmup,0,0.17752289999771165,1;4;10;11;12;14;15;16;18;22;23;24;25;28;29;34,
mcv_16_s0,mcv_only,31,16,0,16,0,measured,0,0.16955440399760846,1;4;10;11;12;14;15;16;18;22;23;24;25;28;29;34,
mcv_16_s0,mcv_only,31,16,0,16,0,measured,1,0.18457350400422,1;4;10;11;12;14;15;16;18;22;23;24;25;28;29;34,
mcv_16_s0,mcv_only,31,16,0,16,0,measured,2,0.1795705149997957,1;4;10;11;12;14;15;16;18;22;23;24;25;28;29;34,
mcv_16_s0,mcv_only,31,16,0,16,0,measured,3,0.18935846000385936,1;4;10;11;12;14;15;16;18;22;23;24;25;28;29;34,
mcv_16_s0,mcv_only,31,16,0,16,0,measured,4,0.196732279000571,1;4;10;11;12;14;15;16;18;22;23;24;25;28;29;34,
mcv_16_s0,mcv_only,31,16,0,16,0,measured,5,0.20362681600090582,1;4;10;11;12;14;15;16;18;22;23;24;25;28;29;34,
mcv_16_s0,mcv_only,31,16,0,16,0,measured,6,0.19642318000114756,1;4;10;11;12;14;15;16;18;22;23;24;25;28;29;34,
mcv_24_s1,mcv_only,32,24,0,24,1,warmup,0,0.21675432700430974,0;2;4;5;7;8;9;11;13;14;16;17;18;19;20;22;24;25;27;28;29;33;34;35,
mcv_24_s1,mcv_only,32,24,0,24,1,measured,0,0.22812809300376102,0;2;4;5;7;8;9;11;13;14;16;17;18;19;20;22;24;25;27;28;29;33;34;35,
mcv_24_s1,mcv_only,32,24,0,24,1,measured,1,0.23079773299832596,0;2;4;5;7;8;9;11;13;14;16;17;18;19;20;22;24;25;27;28;29;33;34;35,
mcv_24_s1,mcv_only,32,24,0,24,1,measured,2,0.22709615100029623,0;2;4;5;7;8;9;11;13;14;16;17;18;19;20;22;24;25;27;28;29;33;34;35,
mcv_24_s1,mcv_only,32,24,0,24,1,measured,3,0.22986124999442836,0;2;4;5;7;8;9;11;13;14;16;17;18;19;20;22;24;25;27;28;29;33;34;35,
mcv_24_s1,mcv_only,32,24,0,24,1,measured,4,0.2269166830010363,0;2;4;5;7;8;9;11;13;14;16;17;18;19;20;22;24;25;27;28;29;33;34;35,
mcv_24_s1,mcv_only,32,24,0,24,1,measured,5,0.22821421799744712,0;2;4;5;7;8;9;11;13;14;16;17;18;19;20;22;24;25;27;28;29;33;34;35,
mcv_24_s1,mcv_only,32,24,0,24,1,measured,6,0.22336312299739802,0;2;4;5;7;8;9;11;13;14;16;17;18;19;20;22;24;25;27;28;29;33;34;35,
mcv_08_s0,mcv_only,33,8,0,8,0,warmup,0,0.15423244599514874,1;5;6;21;22;28;33;35,
mcv_08_s0,mcv_only,33,8,0,8,0,measured,0,0.14185818899568403,1;5;6;21;22;28;33;35,
mcv_08_s0,mcv_only,33,8,0,8,0,measured,1,0.14417168300133198,1;5;6;21;22;28;33;35,
mcv_08_s0,mcv_only,33,8,0,8,0,measured,2,0.15185473000019556,1;5;6;21;22;28;33;35,
mcv_08_s0,mcv_only,33,8,0,8,0,measured,3,0.1521326309957658,1;5;6;21;22;28;33;35,
mcv_08_s0,mcv_only,33,8,0,8,0,measured,4,0.14360153699817602,1;5;6;21;22;28;33;35,
mcv_08_s0,mcv_only,33,8,0,8,0,measured,5,0.14558198399754474,1;5;6;21;22;28;33;35,
mcv_08_s0,mcv_only,33,8,0,8,0,measured,6,0.14596000899473438,1;5;6;21;22;28;33;35,
fd_08_s0,fd_only,34,0,8,8,0,warmup,0,0.16873819000466028,,1;7;9;12;23;24;27;32
fd_08_s0,fd_only,34,0,8,8,0,measured,0,0.17326414399576606,,1;7;9;12;23;24;27;32
fd_08_s0,fd_only,34,0,8,8,0,measured,1,0.1733384959952673,,1;7;9;12;23;24;27;32
fd_08_s0,fd_only,34,0,8,8,0,measured,2,0.1717047130005085,,1;7;9;12;23;24;27;32
fd_08_s0,fd_only,34,0,8,8,0,measured,3,0.17145903300115606,,1;7;9;12;23;24;27;32
fd_08_s0,fd_only,34,0,8,8,0,measured,4,0.17014033799932804,,1;7;9;12;23;24;27;32
fd_08_s0,fd_only,34,0,8,8,0,measured,5,0.1750735179957701,,1;7;9;12;23;24;27;32
fd_08_s0,fd_only,34,0,8,8,0,measured,6,0.17482916599692544,,1;7;9;12;23;24;27;32
